,image_id,gt_logit,eps,fake_iou,perturbation,bounds_clip,elapsed_time_perturbation,elapsed_time_eps_computed_ious,IoU_vanilla,tmps_vanilla,IoU_extension,tmps_extension
0,26,0,0.0,True,whitenoise,"[[48.529892, 2.7788806, 75.47854, 30.209763], [48.529892, 2.7788806, 75.47854, 30.209763]]",0.31607794761657715,0.013231515884399414,"[0, 1]",0.0,"[0, 1]",0.0
1,26,0,0.0,True,brightness,"[[48.529892, 2.7788806, 75.47854, 30.209763], [48.529892, 2.7788806, 75.47854, 30.209763]]",0.31607794761657715,0.025602340698242188,"[0, 1]",0.0,"[0, 1]",0.0
2,26,0,0.0,True,contrast,"[[48.529892, 2.7788806, 75.47854, 30.209763], [48.529892, 2.7788806, 75.47854, 30.209763]]",0.31607794761657715,0.04123711585998535,"[0, 1]",0.0,"[0, 1]",0.0
3,26,0,3e-05,True,whitenoise,"[[48.424995, 2.7304974, 75.338196, 30.12934], [48.862064, 2.87885, 75.99878, 30.492155]]",0.3837885856628418,0.013407468795776367,"[0, 1]",0.0,"[0, 1]",0.0
4,26,0,3e-05,True,brightness,"[[48.439007, 2.7352035, 75.359566, 30.140831], [48.8589, 2.8763497, 75.99469, 30.489504]]",0.3837885856628418,0.02585458755493164,"[0, 1]",0.0,"[0, 1]",0.0
5,26,0,3e-05,True,contrast,"[[48.529533, 2.7787018, 75.47804, 30.209745], [48.53025, 2.7790594, 75.479034, 30.20978]]",0.3837885856628418,0.03826618194580078,"[0, 1]",0.0,"[0, 1]",0.0
6,26,0,6e-05,False,whitenoise,"[[48.319862, 2.6820912, 75.19563, 30.048916], [49.19744, 2.985909, 76.528305, 30.787836]]",0.31205034255981445,0.015118122100830078,"[0.7528110196121055, 0.9938248083249497]",9.012222290039062e-05,"[0.8276366591453552, 0.9130873]",0.011074542999267578
7,26,0,6e-05,False,brightness,"[[48.34788, 2.6915045, 75.23839, 30.071901], [49.19111, 2.9809148, 76.52012, 30.782543]]",0.31205034255981445,0.02738475799560547,"[0.7576851723411631, 0.9887079012179695]",6.103515625e-05,"[0.8301142454147339, 0.91185963]",0.010074853897094727
8,26,0,6e-05,True,contrast,"[[48.529175, 2.778523, 75.47754, 30.209728], [48.53061, 2.7792382, 75.47954, 30.209799]]",0.31205034255981445,0.0395350456237793,"[0, 1]",0.0,"[0, 1]",0.0
9,26,0,9e-05,False,whitenoise,"[[48.21166, 2.6327958, 75.05063, 29.967375], [49.54284, 3.1016307, 77.073906, 31.102312]]",0.29989075660705566,0.013030052185058594,"[0.7021664506259229, 1]",7.152557373046875e-05,"[0.808712363243103, 0.9309785]",0.010326862335205078
10,26,0,9e-05,False,brightness,"[[48.25367, 2.6469154, 75.11476, 30.001852], [49.533302, 3.0941343, 77.06157, 31.094313]]",0.29989075660705566,0.02520918846130371,"[0.7088710976232607, 1]",6.151199340820312e-05,"[0.8107233643531799, 0.92910117]",0.010031938552856445
11,26,0,9e-05,True,contrast,"[[48.528816, 2.7783437, 75.477036, 30.20971], [48.530968, 2.7794175, 75.48004, 30.209816]]",0.29989075660705566,0.03733563423156738,"[0, 1]",0.0,"[0, 1]",0.0
12,26,0,0.00012,False,whitenoise,"[[48.089317, 2.5774727, 74.88982, 29.877987], [49.914543, 3.2339664, 77.661446, 31.452885]]",0.28589582443237305,0.012948989868164062,"[0.651786347395499, 1]",7.104873657226562e-05,"[0.779072105884552, 0.9513873]",0.010272026062011719
13,26,0,0.00012,False,brightness,"[[48.145527, 2.5963988, 74.975716, 29.924229], [49.902016, 3.2240036, 77.64525, 31.442318]]",0.28589582443237305,0.025042057037353516,"[0.6599618667447972, 1]",6.031990051269531e-05,"[0.7816268801689148, 0.9488295]",0.009947538375854492
14,26,0,0.00012,True,contrast,"[[48.52846, 2.7781649, 75.47654, 30.209692], [48.531326, 2.7795963, 75.48054, 30.209833]]",0.28589582443237305,0.03702569007873535,"[0, 1]",0.0,"[0, 1]",0.0
15,26,0,0.00015000000000000001,False,whitenoise,"[[47.962105, 2.520131, 74.72094, 29.783897], [50.288986, 3.3666768, 78.2531, 31.805979]]",0.3063983917236328,0.013475179672241211,"[0.6050550986086177, 1]",7.510185241699219e-05,"[0.7503650188446045, 0.9711054]",0.01061701774597168
16,26,0,0.00015000000000000001,False,brightness,"[[48.032585, 2.5438488, 74.828636, 29.841839], [50.27343, 3.3542397, 78.23304, 31.79285]]",0.3063983917236328,0.02584528923034668,"[0.6144104056641262, 1]",6.222724914550781e-05,"[0.7534081339836121, 0.9691219]",0.010164022445678711
17,26,0,0.00015000000000000001,True,contrast,"[[48.528103, 2.777986, 75.47604, 30.209675], [48.531685, 2.7797751, 75.48103, 30.20985]]",0.3063983917236328,0.038144588470458984,"[0, 1]",0.0,"[0, 1]",0.0
18,26,0,0.00018,False,whitenoise,"[[47.843147, 2.464055, 74.5654, 29.69678], [50.66514, 3.5002518, 78.849045, 32.160984]]",0.32608652114868164,0.013267755508422852,"[0.5631287941992948, 1]",7.486343383789062e-05,"[0.7229586243629456, 0.98246485]",0.010417461395263672
19,26,0,0.00018,False,brightness,"[[47.927696, 2.4924202, 74.694626, 29.766258], [50.646374, 3.4853194, 78.82489, 32.145195]]",0.32608652114868164,0.03173089027404785,"[0.5734405773767388, 1]",9.560585021972656e-05,"[0.7264440059661865, 0.9819502]",0.015723466873168945
20,26,0,0.00018,True,contrast,"[[48.52774, 2.7778034, 75.47554, 30.209658], [48.532043, 2.779954, 75.48155, 30.209904]]",0.32608652114868164,0.04412436485290527,"[0, 1]",0.0,"[0, 1]",0.0
21,26,0,0.00021,False,whitenoise,"[[47.71629, 2.404295, 74.400566, 29.60122], [51.085987, 3.653995, 79.52039, 32.56728]]",0.3045654296875,0.013468742370605469,"[0.5206460321520044, 1]",7.295608520507812e-05,"[0.6936700344085693, 0.98779356]",0.010610580444335938
22,26,0,0.00021,False,brightness,"[[47.814907, 2.4374058, 74.55132, 29.682255], [51.064102, 3.6367023, 79.49227, 32.549]]",0.3045654296875,0.025722503662109375,"[0.5316213598144908, 1]",6.079673767089844e-05,"[0.6975300312042236, 0.98719126]",0.010071754455566406
23,26,0,0.00021,True,contrast,"[[48.527367, 2.777616, 75.47504, 30.209639], [48.532402, 2.7801332, 75.482056, 30.20996]]",0.3045654296875,0.03792381286621094,"[0, 1]",0.0,"[0, 1]",0.0
24,26,0,0.00024,False,whitenoise,"[[47.586727, 2.3425403, 74.232704, 29.50685], [51.528378, 3.824091, 80.2367, 33.003025]]",0.37514233589172363,0.01350259780883789,"[0.4802162174856139, 1]",7.486343383789062e-05,"[0.6642850041389465, 0.99375665]",0.010573387145996094
25,26,0,0.00024,False,brightness,"[[47.699432, 2.3803926, 74.405014, 29.599463], [51.5037, 3.8043196, 80.20511, 32.982307]]",0.37514233589172363,0.02581191062927246,"[0.4916342435553692, 1]",6.151199340820312e-05,"[0.6684465408325195, 0.99306]",0.010148286819458008
26,26,0,0.00024,True,contrast,"[[48.527, 2.777433, 75.47454, 30.209621], [48.53276, 2.780312, 75.48256, 30.210022]]",0.37514233589172363,0.03808116912841797,"[0, 1]",0.0,"[0, 1]",0.0
27,26,0,0.00027,False,whitenoise,"[[47.45718, 2.2804403, 74.06485, 29.412481], [51.984592, 4.0106354, 80.97703, 33.461723]]",0.3244650363922119,0.013660430908203125,"[0.4422248242928596, 1]",7.82012939453125e-05,"[0.6354994773864746, 1.0]",0.010596275329589844
28,26,0,0.00027,False,brightness,"[[47.58397, 2.3230462, 74.25871, 29.51667], [51.95705, 3.9883864, 80.94196, 33.438606]]",0.3244650363922119,0.025895357131958008,"[0.4542017751558849, 1]",6.222724914550781e-05,"[0.6399190425872803, 0.9995854]",0.010072469711303711
29,26,0,0.00027,True,contrast,"[[48.52662, 2.777247, 75.474045, 30.209604], [48.53312, 2.7804909, 75.48306, 30.210077]]",0.3244650363922119,0.03812456130981445,"[0, 1]",0.0,"[0, 1]",0.0
30,26,0,0.00030000000000000003,False,whitenoise,"[[47.325897, 2.225924, 73.904015, 29.336044], [52.425503, 4.1965003, 81.70157, 33.910107]]",0.3153212070465088,0.013865232467651367,"[0.4050089290815571, 1]",7.843971252441406e-05,"[0.6092295050621033, 1.0]",0.010696172714233398
31,26,0,0.00030000000000000003,False,brightness,"[[47.466175, 2.2723997, 74.11508, 29.449133], [52.394794, 4.1719246, 81.66246, 33.884537]]",0.3153212070465088,0.026325702667236328,"[0.41719800760366826, 1]",6.151199340820312e-05,"[0.6138263940811157, 1.0]",0.010220527648925781
32,26,0,0.00030000000000000003,True,contrast,"[[48.526245, 2.7770615, 75.47354, 30.209587], [48.533478, 2.7806845, 75.48358, 30.210155]]",0.3153212070465088,0.038648366928100586,"[0, 1]",0.0,"[0, 1]",0.0
33,26,0,0.00033,False,whitenoise,"[[47.20141, 2.170001, 73.74331, 29.247925], [52.854595, 4.3844986, 82.40098, 34.34645]]",0.33631372451782227,0.014574289321899414,"[0.3717098693479349, 1]",8.225440979003906e-05,"[0.5845597386360168, 1.0]",0.010981082916259766
34,26,0,0.00033,False,brightness,"[[47.355774, 2.2211244, 73.97558, 29.372322], [52.82077, 4.357604, 82.35786, 34.318478]]",0.33631372451782227,0.026940584182739258,"[0.38393986205264485, 1]",6.198883056640625e-05,"[0.589374303817749, 1.0]",0.010183572769165039
35,26,0,0.00033,True,contrast,"[[48.52588, 2.7768764, 75.47304, 30.209568], [48.533836, 2.7808638, 75.48407, 30.210218]]",0.33631372451782227,0.03924226760864258,"[0, 1]",0.0,"[0, 1]",0.0
36,26,0,0.00036,False,whitenoise,"[[47.05655, 2.111651, 73.55562, 29.155024], [53.29491, 4.591451, 83.12083, 34.805843]]",0.31146907806396484,0.013195276260375977,"[0.33961347292759436, 1]",7.319450378417969e-05,"[0.5602521896362305, 1.0]",0.010418415069580078
37,26,0,0.00036,False,brightness,"[[47.224957, 2.16743, 73.80903, 29.290749], [53.257915, 4.562239, 83.07366, 34.77548]]",0.31146907806396484,0.02524113655090332,"[0.3517533163273712, 1]",6.151199340820312e-05,"[0.5652512311935425, 1.0]",0.009911775588989258
38,26,0,0.00036,True,contrast,"[[48.525505, 2.77669, 75.47254, 30.20955], [48.534195, 2.7810445, 75.4846, 30.21028]]",0.31146907806396484,0.037225961685180664,"[0, 1]",0.0,"[0, 1]",0.0
39,26,0,0.00039,False,whitenoise,"[[46.90163, 2.0470672, 73.35603, 29.054777], [53.78699, 4.8214245, 83.92815, 35.318947]]",0.28756022453308105,0.013208866119384766,"[0.30759412077366177, 1]",7.104873657226562e-05,"[0.5339258909225464, 1.0]",0.010504961013793945
40,26,0,0.00039,False,brightness,"[[47.084114, 2.1075075, 73.630646, 29.20186], [53.74705, 4.7899017, 83.87716, 35.286186]]",0.28756022453308105,0.025593280792236328,"[0.3194776688885511, 1]",6.29425048828125e-05,"[0.5368649363517761, 1.0]",0.010177850723266602
41,26,0,0.00039,True,contrast,"[[48.525127, 2.776505, 75.47204, 30.209534], [48.534554, 2.7812252, 75.4851, 30.21034]]",0.28756022453308105,0.0378878116607666,"[0, 1]",0.0,"[0, 1]",0.0
42,26,0,0.00042,False,whitenoise,"[[46.74637, 1.982183, 73.156075, 28.953865], [54.2861, 5.0579243, 84.751305, 35.844204]]",0.3257787227630615,0.013628005981445312,"[0.27834172223475573, 1]",7.843971252441406e-05,"[0.5034589767456055, 1.0]",0.010849714279174805
43,26,0,0.00042,False,brightness,"[[46.942825, 2.0471592, 73.45169, 29.112097], [54.243313, 5.0240498, 84.69674, 35.80912]]",0.3257787227630615,0.02646350860595703,"[0.28991585165550027, 1]",6.818771362304688e-05,"[0.5063983798027039, 1.0]",0.010564565658569336
44,26,0,0.00042,True,contrast,"[[48.524754, 2.7763186, 75.47154, 30.209517], [48.534912, 2.7814054, 75.4856, 30.210398]]",0.3257787227630615,0.03923964500427246,"[0, 1]",0.0,"[0, 1]",0.0
45,26,0,0.00045,False,whitenoise,"[[46.56073, 1.9091797, 72.90638, 28.825397], [54.789772, 5.2980204, 85.57646, 36.371147]]",0.29709863662719727,0.013258218765258789,"[0.2503851442042717, 1]",6.961822509765625e-05,"[0.47469761967658997, 1.0]",0.010380983352661133
46,26,0,0.00045,False,brightness,"[[46.772095, 1.9788752, 73.22469, 28.996046], [54.744377, 5.261779, 85.51856, 36.33362]]",0.29709863662719727,0.02537226676940918,"[0.26162520191743743, 1]",6.008148193359375e-05,"[0.4776231050491333, 1.0]",0.009952306747436523
47,26,0,0.00045,True,contrast,"[[48.524384, 2.776135, 75.47104, 30.2095], [48.53527, 2.7815852, 75.486115, 30.21046]]",0.29709863662719727,0.03737688064575195,"[0, 1]",0.0,"[0, 1]",0.0
48,26,0,0.00048,False,whitenoise,"[[46.403454, 1.834835, 72.703514, 28.714094], [55.316708, 5.546586, 86.436386, 36.915516]]",0.30440497398376465,0.013793468475341797,"[0.22559078946190028, 1]",7.772445678710938e-05,"[0.44666576385498047, 1.0]",0.01073765754699707
49,26,0,0.00048,False,brightness,"[[46.628876, 1.9092093, 73.04301, 28.89616], [55.267857, 5.507989, 86.37401, 36.87548]]",0.30440497398376465,0.026147127151489258,"[0.2364765251474417, 1]",6.127357482910156e-05,"[0.44959357380867004, 1.0]",0.010183334350585938
50,26,0,0.00048,True,contrast,"[[48.523987, 2.7759366, 75.47051, 30.20947], [48.53563, 2.781766, 75.486626, 30.210518]]",0.30440497398376465,0.03844261169433594,"[0, 1]",0.0,"[0, 1]",0.0
51,26,0,0.00051,False,whitenoise,"[[46.204395, 1.7494082, 72.44535, 28.5682], [55.86832, 5.810624, 87.33525, 37.484047]]",0.3096170425415039,0.014435291290283203,"[0.2010361360762752, 1]",8.106231689453125e-05,"[0.4191690981388092, 1.0]",0.010904312133789062
52,26,0,0.00051,False,brightness,"[[46.45069, 1.8297857, 72.81517, 28.768576], [55.81624, 5.769697, 87.26866, 37.441566]]",0.3096170425415039,0.02673506736755371,"[0.2117117858552286, 1]",6.103515625e-05,"[0.42208683490753174, 1.0]",0.010099172592163086
53,26,0,0.00051,True,contrast,"[[48.52361, 2.7757444, 75.47, 30.20945], [48.53599, 2.7819467, 75.48714, 30.210579]]",0.3096170425415039,0.03891420364379883,"[0, 1]",0.0,"[0, 1]",0.0
54,26,0,0.00054,False,whitenoise,"[[46.01905, 1.6572785, 72.202644, 28.429796], [56.473377, 6.086939, 88.30754, 38.088608]]",0.3287367820739746,0.013056516647338867,"[0.17810596468800569, 1]",7.343292236328125e-05,"[0.3902015686035156, 1.0]",0.010349512100219727
55,26,0,0.00054,False,brightness,"[[46.280067, 1.742225, 72.594635, 28.642134], [56.41816, 6.0437207, 88.23688, 38.043636]]",0.3287367820739746,0.02512383460998535,"[0.1882860184487874, 1]",6.079673767089844e-05,"[0.392814040184021, 1.0]",0.00994729995727539
56,26,0,0.00054,True,contrast,"[[48.5232, 2.7751584, 75.4695, 30.209429], [48.538406, 2.7821617, 75.49071, 30.211473]]",0.3287367820739746,0.03711557388305664,"[0, 1]",0.0,"[0, 1]",0.0
57,26,0,0.00057,False,whitenoise,"[[45.834114, 1.5657105, 71.96075, 28.29217], [57.07969, 6.3698797, 89.29131, 38.71813]]",0.29585886001586914,0.013070344924926758,"[0.1574216014123144, 1]",7.05718994140625e-05,"[0.36160194873809814, 1.0]",0.010406970977783203
58,26,0,0.00057,False,brightness,"[[46.109505, 1.6553459, 72.37439, 28.516317], [57.021297, 6.324475, 89.21647, 38.67071]]",0.29585886001586914,0.025275707244873047,"[0.16710593134389337, 1]",6.151199340820312e-05,"[0.36416301131248474, 1.0]",0.010066747665405273
59,26,0,0.00057,True,contrast,"[[48.522484, 2.7749438, 75.468544, 30.209408], [48.538906, 2.782487, 75.49143, 30.21165]]",0.29585886001586914,0.03745841979980469,"[0, 1]",0.0,"[0, 1]",0.0
60,26,0,0.0006000000000000001,False,whitenoise,"[[45.6383, 1.4591298, 71.71298, 28.127201], [57.685028, 6.6531816, 90, 39.350327]]",0.3128664493560791,0.014119148254394531,"[0.13922409689170193, 1]",8.463859558105469e-05,"[0.3372803692070697, 1.0]",0.011229753494262695
61,26,0,0.0006000000000000001,False,brightness,"[[45.922676, 1.5526043, 72.14147, 28.362207], [57.62353, 6.605362, 90, 39.300465]]",0.3128664493560791,0.026810169219970703,"[0.14815690026799208, 1]",7.557868957519531e-05,"[0.339172727729928, 1.0]",0.010365962982177734
62,26,0,0.0006000000000000001,True,contrast,"[[48.52208, 2.7747288, 75.46802, 30.209385], [48.539402, 2.78268, 75.49216, 30.211788]]",0.3128664493560791,0.03912949562072754,"[0, 1]",0.0,"[0, 1]",0.0
63,26,0,0.00063,False,whitenoise,"[[45.457935, 1.358468, 71.478355, 27.994003], [58.298367, 6.9391584, 90, 39.985157]]",0.2936744689941406,0.01338338851928711,"[0.12460770415497795, 1]",8.106231689453125e-05,"[0.31961070465012353, 1.0]",0.010647773742675781
64,26,0,0.00063,False,brightness,"[[45.75605, 1.4571991, 71.92782, 28.23999], [58.23365, 6.8890524, 90, 39.932884]]",0.2936744689941406,0.02586984634399414,"[0.13326903672360055, 1]",7.081031799316406e-05,"[0.3215229700853534, 1.0]",0.010279417037963867
65,26,0,0.00063,True,contrast,"[[48.521675, 2.7742076, 75.46748, 30.209364], [48.541363, 2.782874, 75.49472, 30.212082]]",0.2936744689941406,0.03802180290222168,"[0, 1]",0.0,"[0, 1]",0.0
66,26,0,0.00066,False,whitenoise,"[[45.27607, 1.2608781, 71.24342, 27.858177], [58.9227, 7.2275624, 90, 40.62823]]",0.3010287284851074,0.01318049430847168,"[0.11097424450444303, 1]",8.082389831542969e-05,"[0.3024014391485067, 1.0]",0.010464906692504883
67,26,0,0.00066,False,brightness,"[[45.58843, 1.3644353, 71.714424, 28.116], [58.85472, 7.175194, 90, 40.573532]]",0.3010287284851074,0.02550792694091797,"[0.11936488116610272, 1]",7.081031799316406e-05,"[0.3043305136118818, 1.0]",0.010134696960449219
68,26,0,0.00066,True,contrast,"[[48.52127, 2.7739792, 75.46695, 30.209341], [48.54193, 2.7830667, 75.49553, 30.212227]]",0.3010287284851074,0.03751826286315918,"[0, 1]",0.0,"[0, 1]",0.0
69,26,0,0.00069,False,whitenoise,"[[45.068176, 1.1548815, 70.969345, 27.701942], [59.548958, 7.519176, 90, 41.28459]]",0.3350679874420166,0.013475656509399414,"[0.09780803445609015, 1]",8.416175842285156e-05,"[0.28573772466379066, 1.0]",0.010553598403930664
70,26,0,0.00069,False,brightness,"[[45.392727, 1.2626007, 71.458374, 27.970018], [59.47773, 7.464678, 90, 41.227467]]",0.3350679874420166,0.02582859992980957,"[0.10584282949193775, 1]",7.033348083496094e-05,"[0.28767892144776275, 1.0]",0.010146856307983398
71,26,0,0.00069,True,contrast,"[[48.520844, 2.7737474, 75.46636, 30.20932], [48.5425, 2.7833595, 75.496346, 30.212479]]",0.3350679874420166,0.03786969184875488,"[0, 1]",0.0,"[0, 1]",0.0
72,26,0,0.00072,False,whitenoise,"[[44.883934, 1.053411, 70.73427, 27.565268], [60.179092, 7.8165765, 90, 41.95139]]",0.2920994758605957,0.013794660568237305,"[0.08611165303311533, 1]",9.202957153320312e-05,"[0.2658812701702118, 1.0]",0.010668516159057617
73,26,0,0.00072,False,brightness,"[[45.22259, 1.165925, 71.24455, 27.845102], [60.104656, 7.759798, 90, 41.891727]]",0.2920994758605957,0.026067733764648438,"[0.09386011216635112, 1]",7.009506225585938e-05,"[0.2715185234790921, 1.0]",0.010067939758300781
74,26,0,0.00072,True,contrast,"[[48.520443, 2.7735176, 75.465775, 30.209301], [48.5431, 2.7837772, 75.49718, 30.212858]]",0.2920994758605957,0.038059234619140625,"[0, 1]",0.0,"[0, 1]",0.0
75,26,0,0.00075,False,whitenoise,"[[44.68863, 0.95247555, 70.49607, 27.42879], [60.809837, 8.117997, 90, 42.63152]]",0.3391242027282715,0.015366315841674805,"[0.07525644798408972, 1]",9.751319885253906e-05,"[0.23858268558979034, 1.0]",0.011566162109375
76,26,0,0.00075,False,brightness,"[[45.042213, 1.0698569, 71.0286, 27.720783], [60.732174, 8.05896, 90, 42.569355]]",0.3391242027282715,0.031250953674316406,"[0.08272312582451935, 1]",7.867813110351562e-05,"[0.25587917643799063, 1.0]",0.01345062255859375
77,26,0,0.00075,True,contrast,"[[48.520042, 2.7732906, 75.46518, 30.20928], [48.54373, 2.784155, 75.49806, 30.213228]]",0.3391242027282715,0.043555259704589844,"[0, 1]",0.0,"[0, 1]",0.0
78,26,0,0.00078,False,whitenoise,"[[44.492313, 0.8490381, 70.25623, 27.291779], [61.467743, 8.445881, 90, 43.341473]]",0.32324957847595215,0.01340627670288086,"[0.06489817396693155, 1]",8.153915405273438e-05,"[0.2112589031457901, 1.0]",0.010686397552490234
79,26,0,0.00078,False,brightness,"[[44.859947, 0.9711521, 70.80962, 27.595297], [61.38682, 8.384428, 90, 43.276672]]",0.32324957847595215,0.02588486671447754,"[0.07204345655103636, 1]",7.104873657226562e-05,"[0.23089313507080078, 1.0]",0.010249853134155273
80,26,0,0.00078,True,contrast,"[[48.519638, 2.773059, 75.46459, 30.209257], [48.544403, 2.7845345, 75.499, 30.213614]]",0.32324957847595215,0.03808283805847168,"[0, 1]",0.0,"[0, 1]",0.0
81,26,0,0.0008100000000000001,False,whitenoise,"[[44.29705, 0.7445674, 70.0193, 27.155388], [62.135223, 8.777309, 90, 44.057007]]",0.32956790924072266,0.013494491577148438,"[0.05533245355394249, 1]",8.559226989746094e-05,"[0.18481406569480896, 1.0]",0.010653972625732422
82,26,0,0.0008100000000000001,False,brightness,"[[44.679028, 0.8714456, 70.59404, 27.470654], [62.051575, 8.713414, 90, 43.989788]]",0.32956790924072266,0.025810956954956055,"[0.06215566091631159, 1]",7.009506225585938e-05,"[0.20437893271446228, 1.0]",0.010123252868652344
83,26,0,0.0008100000000000001,True,contrast,"[[48.519234, 2.7728305, 75.46401, 30.209236], [48.545067, 2.7849145, 75.49994, 30.214005]]",0.32956790924072266,0.03784513473510742,"[0, 1]",0.0,"[0, 1]",0.0
84,26,0,0.00084,False,whitenoise,"[[44.09928, 0.63723135, 69.77821, 27.017159], [62.812244, 9.1090765, 90, 44.77591]]",0.2911372184753418,0.013862848281860352,"[0.046456434323028754, 1]",8.559226989746094e-05,"[0.1591162532567978, 1.0]",0.010832548141479492
85,26,0,0.00084,False,brightness,"[[44.49605, 0.76876503, 70.375046, 27.344501], [62.724693, 9.042728, 90, 44.70588]]",0.2911372184753418,0.026611804962158203,"[0.05296983472648742, 1]",7.104873657226562e-05,"[0.1785905808210373, 1.0]",0.010486841201782227
86,26,0,0.00084,True,contrast,"[[48.51871, 2.772152, 75.46321, 30.20865], [48.54574, 2.7854033, 75.50103, 30.214573]]",0.2911372184753418,0.03893327713012695,"[0, 1]",0.0,"[0, 1]",0.0
87,26,0,0.00087,False,whitenoise,"[[43.898247, 0.53129005, 69.53217, 26.877008], [63.49799, 9.448752, 90, 45.50574]]",0.31107282638549805,0.014042854309082031,"[0.0382108625538112, 1]",9.179115295410156e-05,"[0.13413941860198975, 1.0]",0.010904073715209961
88,26,0,0.00087,False,brightness,"[[44.309452, 0.66756284, 70.15048, 27.21591], [63.40723, 9.379972, 90, 45.433098]]",0.31107282638549805,0.0265960693359375,"[0.044395807235749714, 1]",7.128715515136719e-05,"[0.15340843796730042, 1.0]",0.010323047637939453
89,26,0,0.00087,True,contrast,"[[48.518295, 2.7719078, 75.46261, 30.208609], [48.546436, 2.7859244, 75.50225, 30.215229]]",0.31107282638549805,0.03886532783508301,"[0, 1]",0.0,"[0, 1]",0.0
90,26,0,0.0009,False,whitenoise,"[[43.703293, 0.3940401, 69.295395, 26.675442], [64.09207, 9.79682, 90, 46.245434]]",0.33437561988830566,0.015743255615234375,"[0.031155261969361546, 1]",0.00010466575622558594,"[0.11202159523963928, 1.0]",0.011876106262207031
91,26,0,0.0009,False,brightness,"[[44.128876, 0.5523225, 69.935165, 27.044203], [63.998714, 9.725623, 90, 46.1702]]",0.33437561988830566,0.029111862182617188,"[0.037065905799838095, 1]",7.867813110351562e-05,"[0.13113635778427124, 1.0]",0.010992765426635742
92,26,0,0.0009,True,contrast,"[[48.51788, 2.7716608, 75.46199, 30.208569], [48.54711, 2.7863889, 75.503456, 30.215868]]",0.33437561988830566,0.04216575622558594,"[0, 1]",0.0,"[0, 1]",0.0
93,26,0,0.00093,False,whitenoise,"[[43.505775, 0.29047918, 69.05741, 26.538467], [64.777916, 10.15003, 90, 46.99703]]",0.31621408462524414,0.013778924942016602,"[0.024306165179345862, 1]",8.606910705566406e-05,"[0.0894569382071495, 1.0]",0.010871648788452148
94,26,0,0.00093,False,brightness,"[[43.945545, 0.45408517, 69.7183, 26.919447], [64.68128, 10.076419, 90, 46.919212]]",0.31621408462524414,0.026409149169921875,"[0.029882362214274594, 1]",7.104873657226562e-05,"[0.10821254551410675, 1.0]",0.010411500930786133
95,26,0,0.00093,True,contrast,"[[48.51747, 2.7714152, 75.461365, 30.208529], [48.54777, 2.7868538, 75.50464, 30.216509]]",0.31621408462524414,0.03867506980895996,"[0, 1]",0.0,"[0, 1]",0.0
96,26,0,0.00096,False,whitenoise,"[[43.28877, 0.1856432, 68.7953, 26.395123], [65.47162, 10.509808, 90, 47.75765]]",0.28578925132751465,0.013480901718139648,"[0.0178772557657487, 1]",8.273124694824219e-05,"[0.06734410673379898, 1.0]",0.010740280151367188
97,26,0,0.00096,False,brightness,"[[43.74314, 0.3546511, 69.477745, 26.78836], [65.37193, 10.433361, 90, 47.677086]]",0.28578925132751465,0.02612924575805664,"[0.023108853214124196, 1]",7.081031799316406e-05,"[0.0856512114405632, 1.0]",0.010416746139526367
98,26,0,0.00096,True,contrast,"[[48.517044, 2.771163, 75.46071, 30.208462], [48.548447, 2.7873178, 75.50582, 30.21715]]",0.28578925132751465,0.03844285011291504,"[0, 1]",0.0,"[0, 1]",0.0
99,26,0,0.00099,False,whitenoise,"[[43.0509, 0.068291664, 68.497375, 26.22385], [66.16347, 10.869537, 90, 48.518246]]",0.3329637050628662,0.01390218734741211,"[0.011854905301657398, 1]",8.630752563476562e-05,"[0.04570861905813217, 1.0]",0.010873079299926758
100,26,0,0.00099,False,brightness,"[[43.513577, 0.24036264, 69.192444, 26.624493], [66.06112, 10.790637, 90, 48.435036]]",0.3329637050628662,0.0265505313873291,"[0.016666888933714846, 1]",7.224082946777344e-05,"[0.06324099749326706, 1.0]",0.010423898696899414
101,26,0,0.00099,True,contrast,"[[48.516617, 2.7709045, 75.46003, 30.20838], [48.549114, 2.7877827, 75.50703, 30.217793]]",0.3329637050628662,0.03886747360229492,"[0, 1]",0.0,"[0, 1]",0.0
102,26,0,0.00102,False,whitenoise,"[[42.78759, 0, 68.154205, 26.026361], [66.85576, 11.229454, 90, 49.279583]]",0.31845784187316895,0.013842344284057617,"[0.006214992351129984, 1]",9.799003601074219e-05,"[0.024506371468305588, 1.0]",0.010741710662841797
103,26,0,0.00102,False,brightness,"[[43.26517, 0.123436764, 68.87307, 26.441048], [66.75045, 11.148108, 90, 49.19374]]",0.31845784187316895,0.026114702224731445,"[0.010661048726945276, 1]",7.081031799316406e-05,"[0.04140445590019226, 1.0]",0.010087966918945312
104,26,0,0.00102,True,contrast,"[[48.51609, 2.7706394, 75.45916, 30.208197], [48.549786, 2.7882495, 75.50822, 30.218433]]",0.31845784187316895,0.03810524940490723,"[0, 1]",0.0,"[0, 1]",0.0
105,26,0,0.00105,False,whitenoise,"[[42.587837, 0, 67.91517, 25.8888], [67.565056, 11.596612, 90, 50.054256]]",0.28098464012145996,0.014705896377563477,"[0.0015874362587003513, 1]",0.00010085105895996094,"[0.006382499355822802, 1.0]",0.011113882064819336
106,26,0,0.00105,False,brightness,"[[43.079758, 0.025161356, 68.65554, 26.315884], [67.45667, 11.512925, 90, 49.96632]]",0.28098464012145996,0.027138233184814453,"[0.005707272708319783, 1]",7.128715515136719e-05,"[0.022636212408542633, 1.0]",0.010188102722167969
107,26,0,0.00105,True,contrast,"[[48.515644, 2.7703824, 75.45847, 30.20811], [48.550465, 2.7887454, 75.509415, 30.219133]]",0.28098464012145996,0.03923678398132324,"[0, 1]",0.0,"[0, 1]",0.0
108,26,0,0.00108,True,whitenoise,"[[42.384026, 0, 67.6699, 25.746803], [68.27555, 11.970785, 90, 50.835487]]",0.2979583740234375,0.0022339820861816406,"[0, 1]",0.0,"[0, 1]",0.0
109,26,0,0.00108,False,brightness,"[[42.889385, 0, 68.43048, 26.18567], [68.16406, 11.884766, 90, 50.74503]]",0.2979583740234375,0.01532292366027832,"[0.00120159006349212, 1]",8.940696716308594e-05,"[0.004859725944697857, 1.0]",0.010767221450805664
110,26,0,0.00108,True,contrast,"[[48.515213, 2.7701244, 75.45781, 30.208025], [48.551132, 2.7892113, 75.510605, 30.219776]]",0.2979583740234375,0.02763986587524414,"[0, 1]",0.0,"[0, 1]",0.0
111,26,0,0.00111,True,whitenoise,"[[42.1769, 0, 67.42392, 25.600992], [68.99113, 12.346952, 90, 51.61886]]",0.35848164558410645,0.0024487972259521484,"[0, 1]",0.0,"[0, 1]",0.0
112,26,0,0.00111,True,brightness,"[[42.696167, 0, 68.205376, 26.052134], [68.87659, 12.258595, 90, 51.525883]]",0.35848164558410645,0.0042231082916259766,"[0, 1]",0.0,"[0, 1]",0.0
113,26,0,0.00111,True,contrast,"[[48.514786, 2.7698674, 75.45712, 30.207941], [48.551804, 2.789678, 75.5118, 30.22042]]",0.35848164558410645,0.016980886459350586,"[0, 1]",0.0,"[0, 1]",0.0
114,26,0,0.00114,True,whitenoise,"[[41.946693, 0, 67.15611, 25.448767], [69.71551, 12.728752, 90, 52.411877]]",0.3138282299041748,0.00225067138671875,"[0, 1]",0.0,"[0, 1]",0.0
115,26,0,0.00114,True,brightness,"[[42.4795, 0, 67.95811, 25.912237], [69.598175, 12.63809, 90, 52.316532]]",0.3138282299041748,0.0040035247802734375,"[0, 1]",0.0,"[0, 1]",0.0
116,26,0,0.00114,True,contrast,"[[48.51435, 2.7696095, 75.456436, 30.207855], [48.552467, 2.790144, 75.513, 30.221064]]",0.3138282299041748,0.016738414764404297,"[0, 1]",0.0,"[0, 1]",0.0
117,26,0,0.00117,True,whitenoise,"[[41.71487, 0, 66.88693, 25.296064], [70.447624, 13.115931, 90, 53.213524]]",0.32808709144592285,0.002660512924194336,"[0, 1]",0.0,"[0, 1]",0.0
118,26,0,0.00117,True,brightness,"[[42.261703, 0, 67.710205, 25.772081], [70.32719, 13.022917, 90, 53.115967]]",0.32808709144592285,0.0044476985931396484,"[0, 1]",0.0,"[0, 1]",0.0
119,26,0,0.00117,True,contrast,"[[48.513916, 2.769352, 75.45577, 30.207767], [48.55314, 2.7906132, 75.51418, 30.22171]]",0.32808709144592285,0.01709461212158203,"[0, 1]",0.0,"[0, 1]",0.0
120,26,0,0.0012000000000000001,True,whitenoise,"[[41.490356, 0, 66.62338, 25.18822], [71.17663, 13.507738, 90, 54.018616]]",0.33142900466918945,0.002238035202026367,"[0, 1]",0.0,"[0, 1]",0.0
121,26,0,0.0012000000000000001,True,brightness,"[[42.046062, 0, 67.46172, 25.671074], [71.05312, 13.412349, 90, 53.91855]]",0.33142900466918945,0.003966808319091797,"[0, 1]",0.0,"[0, 1]",0.0
122,26,0,0.0012000000000000001,True,contrast,"[[48.51349, 2.7690945, 75.45509, 30.207687], [48.553806, 2.7910771, 75.515366, 30.222355]]",0.33142900466918945,0.01657724380493164,"[0, 1]",0.0,"[0, 1]",0.0
123,26,0,0.00123,True,whitenoise,"[[41.280735, 0, 66.38815, 25.050753], [71.91271, 13.901543, 90, 54.829575]]",0.2895925045013428,0.003111124038696289,"[0, 1]",0.0,"[0, 1]",0.0
124,26,0,0.00123,True,brightness,"[[41.846977, 0, 67.2425, 25.546747], [71.78645, 13.803749, 90, 54.72719]]",0.2895925045013428,0.004859447479248047,"[0, 1]",0.0,"[0, 1]",0.0
125,26,0,0.00123,True,contrast,"[[48.5126, 2.768323, 75.45345, 30.20671], [48.55448, 2.7915444, 75.51656, 30.223]]",0.2895925045013428,0.018037796020507812,"[0, 1]",0.0,"[0, 1]",0.0
126,26,0,0.00126,True,whitenoise,"[[40.841373, 0, 65.83052, 24.815601], [72.710846, 14.318065, 90, 55.651947]]",0.31342220306396484,0.0023643970489501953,"[0, 1]",0.0,"[0, 1]",0.0
127,26,0,0.00126,True,brightness,"[[41.41823, 0, 66.69965, 25.315653], [72.57865, 14.213973, 90, 55.54615]]",0.31342220306396484,0.0041046142578125,"[0, 1]",0.0,"[0, 1]",0.0
128,26,0,0.00126,True,contrast,"[[48.51217, 2.768053, 75.45275, 30.206602], [48.555157, 2.7920113, 75.51775, 30.223644]]",0.31342220306396484,0.016753435134887695,"[0, 1]",0.0,"[0, 1]",0.0
129,26,0,0.0012900000000000001,True,whitenoise,"[[40.56216, 0, 65.490005, 24.63299], [73.428955, 14.719735, 90, 56.468784]]",0.3396790027618408,0.0024726390838623047,"[0, 1]",0.0,"[0, 1]",0.0
130,26,0,0.0012900000000000001,True,brightness,"[[41.1515, 0, 66.37762, 25.143892], [73.29418, 14.613174, 90, 56.36056]]",0.3396790027618408,0.004227399826049805,"[0, 1]",0.0,"[0, 1]",0.0
131,26,0,0.0012900000000000001,True,contrast,"[[48.511703, 2.7677531, 75.45203, 30.20642], [48.55584, 2.792479, 75.51895, 30.22429]]",0.3396790027618408,0.01706719398498535,"[0, 1]",0.0,"[0, 1]",0.0
132,26,0,0.00132,True,whitenoise,"[[40.352005, 0, 65.25222, 24.500084], [74.02426, 15.072832, 90, 57.174805]]",0.3783395290374756,0.002315998077392578,"[0, 1]",0.0,"[0, 1]",0.0
133,26,0,0.00132,True,brightness,"[[40.954338, 0, 66.15991, 25.021341], [73.88643, 14.963705, 90, 57.063942]]",0.3783395290374756,0.004148960113525391,"[0, 1]",0.0,"[0, 1]",0.0
134,26,0,0.00132,True,contrast,"[[48.51127, 2.7674842, 75.45133, 30.206314], [48.5567, 2.7930021, 75.52052, 30.225267]]",0.3783395290374756,0.01752781867980957,"[0, 1]",0.0,"[0, 1]",0.0
135,26,0,0.00135,True,whitenoise,"[[40.12838, 0, 64.99597, 24.36631], [74.62569, 15.45205, 90, 57.911854]]",0.32393956184387207,0.0026369094848632812,"[0, 1]",0.0,"[0, 1]",0.0
136,26,0,0.00135,True,brightness,"[[40.74295, 0, 65.92263, 24.89918], [74.48479, 15.340287, 90, 57.798195]]",0.32393956184387207,0.0044116973876953125,"[0, 1]",0.0,"[0, 1]",0.0
137,26,0,0.00135,True,contrast,"[[48.510124, 2.7671528, 75.449585, 30.205997], [48.55762, 2.7935405, 75.52224, 30.226267]]",0.32393956184387207,0.01738595962524414,"[0, 1]",0.0,"[0, 1]",0.0
138,26,0,0.00138,True,whitenoise,"[[39.860806, 0, 64.65548, 24.155012], [75.26266, 15.901533, 90, 58.72709]]",0.3143947124481201,0.0031278133392333984,"[0, 1]",0.0,"[0, 1]",0.0
139,26,0,0.00138,True,brightness,"[[40.488613, 0, 65.60722, 24.705582], [75.11883, 15.78689, 90, 58.61053]]",0.3143947124481201,0.004904508590698242,"[0, 1]",0.0,"[0, 1]",0.0
140,26,0,0.00138,True,contrast,"[[48.509666, 2.7668815, 75.44887, 30.205885], [48.558487, 2.794066, 75.52385, 30.227262]]",0.3143947124481201,0.01812887191772461,"[0, 1]",0.0,"[0, 1]",0.0
141,26,0,0.00141,True,whitenoise,"[[39.593708, 0, 64.36108, 24.012276], [75.90641, 16.351334, 90, 59.54541]]",0.31846094131469727,0.002226591110229492,"[0, 1]",0.0,"[0, 1]",0.0
142,26,0,0.00141,True,brightness,"[[40.23375, 0, 65.33174, 24.574472], [75.75922, 16.23382, 90, 59.425957]]",0.31846094131469727,0.003963470458984375,"[0, 1]",0.0,"[0, 1]",0.0
143,26,0,0.00141,True,contrast,"[[48.50921, 2.7666092, 75.44814, 30.205772], [48.55936, 2.7945914, 75.52546, 30.228262]]",0.31846094131469727,0.01630091667175293,"[0, 1]",0.0,"[0, 1]",0.0
144,26,0,0.00144,True,whitenoise,"[[39.325436, 0, 64.06494, 23.86883], [76.552216, 16.816242, 90, 60.381985]]",0.34425830841064453,0.0024619102478027344,"[0, 1]",0.0,"[0, 1]",0.0
145,26,0,0.00144,True,brightness,"[[39.97885, 0, 65.05632, 24.44337], [76.40168, 16.695765, 90, 60.2595]]",0.34425830841064453,0.004230499267578125,"[0, 1]",0.0,"[0, 1]",0.0
146,26,0,0.00144,True,contrast,"[[48.50875, 2.7663383, 75.447426, 30.205662], [48.56022, 2.7951198, 75.52708, 30.229258]]",0.34425830841064453,0.01697540283203125,"[0, 1]",0.0,"[0, 1]",0.0
147,26,0,0.00147,True,whitenoise,"[[39.06658, 0, 63.79506, 23.725454], [77.20476, 17.283596, 90, 61.23221]]",0.297182559967041,0.0022211074829101562,"[0, 1]",0.0,"[0, 1]",0.0
148,26,0,0.00147,True,brightness,"[[39.73282, 0, 64.80748, 24.312004], [77.052826, 17.160044, 90, 61.10813]]",0.297182559967041,0.0039904117584228516,"[0, 1]",0.0,"[0, 1]",0.0
149,26,0,0.00147,True,contrast,"[[48.508278, 2.7660666, 75.44669, 30.205551], [48.561092, 2.7956462, 75.52869, 30.230253]]",0.297182559967041,0.016684532165527344,"[0, 1]",0.0,"[0, 1]",0.0
150,26,0,0.0015,True,whitenoise,"[[38.753826, 0, 63.45227, 23.55265], [77.96075, 17.830715, 90, 62.22296]]",0.3267679214477539,0.0025894641876220703,"[0, 1]",0.0,"[0, 1]",0.0
151,26,0,0.0015,True,brightness,"[[39.43242, 0, 64.48381, 24.151114], [77.80581, 17.704182, 90, 62.095955]]",0.3267679214477539,0.004374027252197266,"[0, 1]",0.0,"[0, 1]",0.0
152,26,0,0.0015,True,contrast,"[[48.507824, 2.7657952, 75.44596, 30.205437], [48.56196, 2.7961707, 75.530304, 30.231253]]",0.3267679214477539,0.0173337459564209,"[0, 1]",0.0,"[0, 1]",0.0
153,26,0,0.0015300000000000001,True,whitenoise,"[[38.43148, 0, 63.100983, 23.403168], [78.76024, 18.402664, 90, 63.263462]]",0.33880186080932617,0.0031006336212158203,"[0, 1]",0.0,"[0, 1]",0.0
154,26,0,0.0015300000000000001,True,brightness,"[[39.1226, 0, 64.15191, 24.012287], [78.60407, 18.273113, 90, 63.133984]]",0.33880186080932617,0.004853963851928711,"[0, 1]",0.0,"[0, 1]",0.0
155,26,0,0.0015300000000000001,True,contrast,"[[48.507366, 2.7655172, 75.44525, 30.205326], [48.56285, 2.796698, 75.53195, 30.232279]]",0.33880186080932617,0.017948627471923828,"[0, 1]",0.0,"[0, 1]",0.0
156,26,0,0.00156,True,whitenoise,"[[38.098743, 0, 62.740017, 23.222729], [79.59142, 19.002575, 90, 64.35044]]",0.2916111946105957,0.0022492408752441406,"[0, 1]",0.0,"[0, 1]",0.0
157,26,0,0.00156,True,brightness,"[[38.80307, 0, 63.811424, 23.84402], [79.43307, 18.870003, 90, 64.21788]]",0.2916111946105957,0.003972053527832031,"[0, 1]",0.0,"[0, 1]",0.0
158,26,0,0.00156,True,contrast,"[[48.506905, 2.765246, 75.44452, 30.205215], [48.563713, 2.7972226, 75.533554, 30.233276]]",0.2916111946105957,0.016476154327392578,"[0, 1]",0.0,"[0, 1]",0.0
159,26,0,0.00159,True,whitenoise,"[[37.765854, 0, 62.357086, 23.043291], [80.42343, 19.611141, 90, 65.447685]]",0.2922646999359131,0.002232074737548828,"[0, 1]",0.0,"[0, 1]",0.0
160,26,0,0.00159,True,brightness,"[[38.4825, 0, 63.44854, 23.676533], [80.26213, 19.4755, 90, 65.311966]]",0.2922646999359131,0.00397944450378418,"[0, 1]",0.0,"[0, 1]",0.0
161,26,0,0.00159,True,contrast,"[[48.506447, 2.7649746, 75.443794, 30.205103], [48.564583, 2.7977495, 75.53517, 30.234274]]",0.2922646999359131,0.016649723052978516,"[0, 1]",0.0,"[0, 1]",0.0
162,26,0,0.0016200000000000001,True,whitenoise,"[[37.680534, 0, 62.4778, 23.231104], [81.19727, 20.20307, 90, 66.54414]]",0.3016839027404785,0.002228260040283203,"[0, 1]",0.0,"[0, 1]",0.0
163,26,0,0.0016200000000000001,True,brightness,"[[38.41334, 0, 63.584145, 23.87604], [81.03695, 20.06886, 90, 66.40626]]",0.3016839027404785,0.003932952880859375,"[0, 1]",0.0,"[0, 1]",0.0
164,26,0,0.0016200000000000001,True,contrast,"[[48.505722, 2.7645664, 75.442665, 30.204754], [48.565456, 2.7982774, 75.53679, 30.235277]]",0.3016839027404785,0.016248464584350586,"[0, 1]",0.0,"[0, 1]",0.0
165,26,0,0.00165,True,whitenoise,"[[37.352367, 0, 62.12915, 23.062054], [82.01841, 20.800476, 90, 67.62353]]",0.3407249450683594,0.002222299575805664,"[0, 1]",0.0,"[0, 1]",0.0
166,26,0,0.00165,True,brightness,"[[38.097782, 0, 63.254753, 23.71858], [81.85527, 20.663113, 90, 67.482376]]",0.3407249450683594,0.003965139389038086,"[0, 1]",0.0,"[0, 1]",0.0
167,26,0,0.00165,True,contrast,"[[48.50526, 2.7642918, 75.44193, 30.204638], [48.566315, 2.798802, 75.53839, 30.236263]]",0.3407249450683594,0.016320228576660156,"[0, 1]",0.0,"[0, 1]",0.0
168,26,0,0.00168,True,whitenoise,"[[37.009434, 0, 61.768715, 22.890432], [82.84998, 21.416565, 90, 68.73461]]",0.2932248115539551,0.0022056102752685547,"[0, 1]",0.0,"[0, 1]",0.0
169,26,0,0.00168,True,brightness,"[[37.76792, 0, 62.91458, 23.559292], [82.68404, 21.276281, 90, 68.590454]]",0.2932248115539551,0.0039637088775634766,"[0, 1]",0.0,"[0, 1]",0.0
170,26,0,0.00168,True,contrast,"[[48.504803, 2.7640185, 75.44121, 30.204525], [48.56719, 2.7993298, 75.54001, 30.237267]]",0.2932248115539551,0.01644444465637207,"[0, 1]",0.0,"[0, 1]",0.0
171,26,0,0.0017100000000000001,True,whitenoise,"[[36.648247, 0, 61.396225, 22.718197], [83.68331, 22.063183, 90, 69.88344]]",0.2915830612182617,0.002462625503540039,"[0, 1]",0.0,"[0, 1]",0.0
172,26,0,0.0017100000000000001,True,brightness,"[[37.419407, 0, 62.561893, 23.399258], [83.51506, 21.919533, 90, 69.73567]]",0.2915830612182617,0.0042340755462646484,"[0, 1]",0.0,"[0, 1]",0.0
173,26,0,0.0017100000000000001,True,contrast,"[[48.50419, 2.763742, 75.44026, 30.204407], [48.568054, 2.8000817, 75.541626, 30.238428]]",0.2915830612182617,0.016885757446289062,"[0, 1]",0.0,"[0, 1]",0.0
174,26,0,0.00174,True,whitenoise,"[[36.28804, 0, 61.026287, 22.54759], [84.5193, 22.734753, 90, 71.05438]]",0.3034822940826416,0.0021893978118896484,"[0, 1]",0.0,"[0, 1]",0.0
175,26,0,0.00174,True,brightness,"[[37.07119, 0, 62.21072, 23.240396], [84.34828, 22.587479, 90, 70.90273]]",0.3034822940826416,0.003934383392333984,"[0, 1]",0.0,"[0, 1]",0.0
176,26,0,0.00174,True,contrast,"[[48.503716, 2.7634654, 75.43951, 30.20429], [48.56892, 2.800612, 75.54323, 30.239418]]",0.3034822940826416,0.01630711555480957,"[0, 1]",0.0,"[0, 1]",0.0
177,26,0,0.00177,True,whitenoise,"[[35.92701, 0, 60.65556, 22.376358], [85.37897, 23.477505, 90, 72.287125]]",0.29054999351501465,0.002212047576904297,"[0, 1]",0.0,"[0, 1]",0.0
178,26,0,0.00177,True,brightness,"[[36.722397, 0, 61.858986, 23.080923], [85.20509, 23.325846, 90, 72.130905]]",0.29054999351501465,0.003935337066650391,"[0, 1]",0.0,"[0, 1]",0.0
179,26,0,0.00177,True,contrast,"[[48.503246, 2.763183, 75.43876, 30.204172], [48.569786, 2.8011432, 75.544846, 30.24042]]",0.29054999351501465,0.016414403915405273,"[0, 1]",0.0,"[0, 1]",0.0
180,26,0,0.0018,True,whitenoise,"[[35.648453, 0, 60.41793, 22.272047], [86.24737, 24.224155, 90, 73.52597]]",0.32219672203063965,0.0026590824127197266,"[0, 1]",0.0,"[0, 1]",0.0
181,26,0,0.0018,True,brightness,"[[36.447548, 0, 61.62448, 22.978926], [86.070915, 24.068172, 90, 73.36594]]",0.32219672203063965,0.004454612731933594,"[0, 1]",0.0,"[0, 1]",0.0
182,26,0,0.0018,True,contrast,"[[48.502758, 2.762899, 75.438, 30.20405], [48.570663, 2.8016748, 75.54647, 30.24141]]",0.32219672203063965,0.017754793167114258,"[0, 1]",0.0,"[0, 1]",0.0
183,26,0,0.00183,True,whitenoise,"[[35.272217, 0, 60.02302, 22.088062], [87.11533, 24.971066, 90, 74.763115]]",0.29094934463500977,0.0030608177185058594,"[0, 1]",0.0,"[0, 1]",0.0
184,26,0,0.00183,True,brightness,"[[36.09164, 0, 61.261536, 22.813614], [86.935104, 24.81048, 90, 74.59961]]",0.29094934463500977,0.004816293716430664,"[0, 1]",0.0,"[0, 1]",0.0
185,26,0,0.00183,True,contrast,"[[48.50131, 2.7626162, 75.43422, 30.203081], [48.571533, 2.8024502, 75.54808, 30.242407]]",0.29094934463500977,0.017962217330932617,"[0, 1]",0.0,"[0, 1]",0.0
186,26,0,0.00186,True,whitenoise,"[[34.905983, 0, 59.650276, 21.912186], [87.99195, 25.725708, 90, 76.017136]]",0.28444838523864746,0.002224445343017578,"[0, 1]",0.0,"[0, 1]",0.0
187,26,0,0.00186,True,brightness,"[[35.737865, 0, 60.90813, 22.650095], [87.80963, 25.560825, 90, 75.84993]]",0.28444838523864746,0.004007577896118164,"[0, 1]",0.0,"[0, 1]",0.0
188,26,0,0.00186,True,contrast,"[[48.500385, 2.7623339, 75.43264, 30.202848], [48.572388, 2.8030252, 75.54969, 30.243395]]",0.28444838523864746,0.01668524742126465,"[0, 1]",0.0,"[0, 1]",0.0
189,26,0,0.00189,True,whitenoise,"[[34.539085, 0, 59.27623, 21.740335], [88.86542, 26.479435, 90, 77.26985]]",0.3016018867492676,0.0022258758544921875,"[0, 1]",0.0,"[0, 1]",0.0
190,26,0,0.00189,True,brightness,"[[35.38424, 0, 60.554684, 22.49083], [88.68127, 26.310032, 90, 77.09912]]",0.3016018867492676,0.003975629806518555,"[0, 1]",0.0,"[0, 1]",0.0
191,26,0,0.00189,True,contrast,"[[48.499306, 2.7619815, 75.431, 30.20251], [48.573257, 2.8035612, 75.55129, 30.24439]]",0.3016018867492676,0.01666998863220215,"[0, 1]",0.0,"[0, 1]",0.0
192,26,0,0.00192,True,whitenoise,"[[34.17055, 0, 58.904873, 21.569574], [89.739044, 27.237785, 90, 78.533005]]",0.32326626777648926,0.002480030059814453,"[0, 1]",0.0,"[0, 1]",0.0
193,26,0,0.00192,True,brightness,"[[35.02753, 0, 60.201454, 22.331356], [89.55209, 27.063858, 90, 78.35869]]",0.32326626777648926,0.0042247772216796875,"[0, 1]",0.0,"[0, 1]",0.0
194,26,0,0.00192,True,contrast,"[[48.49878, 2.7616892, 75.43017, 30.202368], [48.574135, 2.8040996, 75.55291, 30.245384]]",0.32326626777648926,0.01708984375,"[0, 1]",0.0,"[0, 1]",0.0
195,26,0,0.0019500000000000001,True,whitenoise,"[[33.79807, 0, 58.526733, 21.383371], [90, 27.99384, 90, 79.79474]]",0.32383203506469727,0.0026292800903320312,"[0, 1]",0.0,"[0, 1]",0.0
196,26,0,0.0019500000000000001,True,brightness,"[[34.66787, 0, 59.842873, 22.157642], [90, 27.815353, 90, 79.6168]]",0.32383203506469727,0.004404306411743164,"[0, 1]",0.0,"[0, 1]",0.0
197,26,0,0.0019500000000000001,True,contrast,"[[48.498257, 2.7613964, 75.42934, 30.202223], [48.575, 2.8046398, 75.554535, 30.246382]]",0.32383203506469727,0.01717972755432129,"[0, 1]",0.0,"[0, 1]",0.0
198,26,0,0.00198,True,whitenoise,"[[33.63453, 0, 58.41181, 21.387451], [90, 28.656864, 90, 80.988976]]",0.3189401626586914,0.0030808448791503906,"[0, 1]",0.0,"[0, 1]",0.0
199,26,0,0.00198,True,brightness,"[[34.502605, 0, 59.732716, 22.162813], [90, 28.47336, 90, 80.809296]]",0.3189401626586914,0.004876136779785156,"[0, 1]",0.0,"[0, 1]",0.0
200,26,0,0.00198,True,contrast,"[[48.497746, 2.7611032, 75.4285, 30.20208], [48.57588, 2.805182, 75.55614, 30.247387]]",0.3189401626586914,0.01803755760192871,"[0, 1]",0.0,"[0, 1]",0.0
201,26,0,0.00201,True,whitenoise,"[[33.298836, 0, 58.09304, 21.249487], [90, 29.417517, 90, 82.239265]]",0.29730701446533203,0.0024378299713134766,"[0, 1]",0.0,"[0, 1]",0.0
202,26,0,0.00201,True,brightness,"[[34.177586, 0, 59.43103, 22.035814], [90, 29.228987, 90, 82.05587]]",0.29730701446533203,0.004273891448974609,"[0, 1]",0.0,"[0, 1]",0.0
203,26,0,0.00201,True,contrast,"[[48.497215, 2.7608094, 75.42766, 30.201937], [48.576885, 2.8057704, 75.55784, 30.248617]]",0.29730701446533203,0.017503976821899414,"[0, 1]",0.0,"[0, 1]",0.0
204,26,0,0.00204,True,whitenoise,"[[32.94017, 0, 57.734818, 21.088942], [90, 30.185425, 90, 83.50074]]",0.2898437976837158,0.002224445343017578,"[0, 1]",0.0,"[0, 1]",0.0
205,26,0,0.00204,True,brightness,"[[33.83085, 0, 59.09105, 21.886427], [90, 29.99178, 90, 83.31353]]",0.2898437976837158,0.0039522647857666016,"[0, 1]",0.0,"[0, 1]",0.0
206,26,0,0.00204,True,contrast,"[[48.496693, 2.7605171, 75.42681, 30.201796], [48.577892, 2.8063626, 75.55955, 30.249846]]",0.2898437976837158,0.016379594802856445,"[0, 1]",0.0,"[0, 1]",0.0
207,26,0,0.0020700000000000002,True,whitenoise,"[[32.612457, 0, 57.42373, 20.955025], [90, 30.954342, 90, 84.76694]]",0.3121790885925293,0.002452850341796875,"[0, 1]",0.0,"[0, 1]",0.0
208,26,0,0.0020700000000000002,True,brightness,"[[33.516033, 0, 58.799862, 21.763996], [90, 30.755571, 90, 84.575935]]",0.3121790885925293,0.004327535629272461,"[0, 1]",0.0,"[0, 1]",0.0
209,26,0,0.0020700000000000002,True,contrast,"[[48.496155, 2.7602239, 75.42598, 30.201653], [48.578888, 2.8070378, 75.56125, 30.251167]]",0.3121790885925293,0.017600536346435547,"[0, 1]",0.0,"[0, 1]",0.0
210,26,0,0.0021,True,whitenoise,"[[32.253174, 0, 57.06505, 20.797085], [90, 31.730444, 90, 86.042015]]",0.31920886039733887,0.002201557159423828,"[0, 1]",0.0,"[0, 1]",0.0
211,26,0,0.0021,True,brightness,"[[33.16687, 0, 58.45883, 21.617256], [90, 31.528337, 90, 85.84804]]",0.31920886039733887,0.003952980041503906,"[0, 1]",0.0,"[0, 1]",0.0
212,26,0,0.0021,True,contrast,"[[48.495537, 2.759931, 75.42513, 30.201506], [48.579906, 2.8079963, 75.56295, 30.252798]]",0.31920886039733887,0.016327857971191406,"[0, 1]",0.0,"[0, 1]",0.0
213,26,0,0.00213,True,whitenoise,"[[31.890799, 0, 56.70471, 20.635405], [90, 32.52864, 90, 87.343994]]",0.3537743091583252,0.002242565155029297,"[0, 1]",0.0,"[0, 1]",0.0
214,26,0,0.00213,True,brightness,"[[32.816856, 0, 58.117657, 21.467325], [90, 32.32115, 90, 87.14605]]",0.3537743091583252,0.003995656967163086,"[0, 1]",0.0,"[0, 1]",0.0
215,26,0,0.00213,True,contrast,"[[48.494923, 2.7596369, 75.424286, 30.201365], [48.580914, 2.808958, 75.56465, 30.254427]]",0.3537743091583252,0.01641225814819336,"[0, 1]",0.0,"[0, 1]",0.0
216,26,0,0.00216,True,whitenoise,"[[31.528193, 0, 56.34431, 20.47112], [90, 33.325363, 90, 88.64421]]",0.3206446170806885,0.0024564266204833984,"[0, 1]",0.0,"[0, 1]",0.0
217,26,0,0.00216,True,brightness,"[[32.466434, 0, 57.77593, 21.3147], [90, 33.112495, 90, 88.442245]]",0.3206446170806885,0.004246234893798828,"[0, 1]",0.0,"[0, 1]",0.0
218,26,0,0.00216,True,contrast,"[[48.494316, 2.759345, 75.42345, 30.20122], [48.581917, 2.8099136, 75.56635, 30.256056]]",0.3206446170806885,0.017058610916137695,"[0, 1]",0.0,"[0, 1]",0.0
219,26,0,0.00219,True,whitenoise,"[[31.156988, 0, 55.971085, 20.298792], [90, 34.121216, 90, 89.94246]]",0.30167317390441895,0.0026443004608154297,"[0, 1]",0.0,"[0, 1]",0.0
220,26,0,0.00219,True,brightness,"[[32.11506, 0, 57.433365, 21.160337], [90, 33.902927, 90, 89.73646]]",0.30167317390441895,0.004388093948364258,"[0, 1]",0.0,"[0, 1]",0.0
221,26,0,0.00219,True,contrast,"[[48.4937, 2.7590518, 75.42259, 30.201075], [48.58292, 2.8108754, 75.56807, 30.257683]]",0.30167317390441895,0.017218351364135742,"[0, 1]",0.0,"[0, 1]",0.0
222,26,0,0.00222,True,whitenoise,"[[30.79455, 0, 55.610962, 20.134563], [90, 34.917496, 90, 90]]",0.32808876037597656,0.003247499465942383,"[0, 1]",0.0,"[0, 1]",0.0
223,26,0,0.00222,True,brightness,"[[31.765621, 0, 57.093277, 21.008305], [90, 34.69381, 90, 90]]",0.32808876037597656,0.0050313472747802734,"[0, 1]",0.0,"[0, 1]",0.0
224,26,0,0.00222,True,contrast,"[[48.493088, 2.75876, 75.421745, 30.200932], [48.58393, 2.811839, 75.56976, 30.25932]]",0.32808876037597656,0.018134117126464844,"[0, 1]",0.0,"[0, 1]",0.0
225,26,0,0.0022500000000000003,True,whitenoise,"[[30.470175, 0, 55.290276, 19.98314], [90, 35.6628, 90, 90]]",0.3018221855163574,0.002232789993286133,"[0, 1]",0.0,"[0, 1]",0.0
226,26,0,0.0022500000000000003,True,brightness,"[[31.442947, 0, 56.7741, 20.859732], [90, 35.433796, 90, 90]]",0.3018221855163574,0.004041194915771484,"[0, 1]",0.0,"[0, 1]",0.0
227,26,0,0.0022500000000000003,True,contrast,"[[48.492477, 2.7570581, 75.42089, 30.20027], [48.586185, 2.8128018, 75.573715, 30.260946]]",0.3018221855163574,0.016742467880249023,"[0, 1]",0.0,"[0, 1]",0.0
228,26,0,0.00228,True,whitenoise,"[[30.208149, 0, 55.039337, 19.84937], [90, 36.362556, 90, 90]]",0.3183252811431885,0.00225067138671875,"[0, 1]",0.0,"[0, 1]",0.0
229,26,0,0.00228,True,brightness,"[[31.193106, 0, 56.542866, 20.738047], [90, 36.1292, 90, 90]]",0.3183252811431885,0.004010677337646484,"[0, 1]",0.0,"[0, 1]",0.0
230,26,0,0.00228,True,contrast,"[[48.49186, 2.7567463, 75.420044, 30.20012], [48.587208, 2.813765, 75.57546, 30.262579]]",0.3183252811431885,0.01671910285949707,"[0, 1]",0.0,"[0, 1]",0.0
231,26,0,0.00231,True,whitenoise,"[[29.906218, 0, 54.774788, 19.648954], [90, 37.062874, 90, 90]]",0.30085158348083496,0.0022356510162353516,"[0, 1]",0.0,"[0, 1]",0.0
232,26,0,0.00231,True,brightness,"[[30.90212, 0, 56.298954, 20.560335], [90, 36.8242, 90, 90]]",0.30085158348083496,0.004019021987915039,"[0, 1]",0.0,"[0, 1]",0.0
233,26,0,0.00231,True,contrast,"[[48.49125, 2.7564344, 75.4192, 30.199972], [48.58823, 2.8147302, 75.57719, 30.264212]]",0.30085158348083496,0.01671123504638672,"[0, 1]",0.0,"[0, 1]",0.0
234,26,0,0.00234,True,whitenoise,"[[29.609175, 0, 54.47879, 19.498793], [90, 37.76364, 90, 90]]",0.3454256057739258,0.0024809837341308594,"[0, 1]",0.0,"[0, 1]",0.0
235,26,0,0.00234,True,brightness,"[[30.617386, 0, 56.021954, 20.421938], [90, 37.519596, 90, 90]]",0.3454256057739258,0.004238605499267578,"[0, 1]",0.0,"[0, 1]",0.0
236,26,0,0.00234,True,contrast,"[[48.487007, 2.7528143, 75.41445, 30.196909], [48.589256, 2.8156905, 75.57891, 30.265837]]",0.3454256057739258,0.01708221435546875,"[0, 1]",0.0,"[0, 1]",0.0
237,26,0,0.00237,True,whitenoise,"[[29.310966, 0, 54.180843, 19.348068], [90, 38.463043, 90, 90]]",0.32330870628356934,0.0025548934936523438,"[0, 1]",0.0,"[0, 1]",0.0
238,26,0,0.00237,True,brightness,"[[30.33158, 0, 55.743027, 20.283007], [90, 38.213726, 90, 90]]",0.32330870628356934,0.00427699089050293,"[0, 1]",0.0,"[0, 1]",0.0
239,26,0,0.00237,True,contrast,"[[48.48635, 2.7524624, 75.41357, 30.196724], [48.59028, 2.8166542, 75.58063, 30.267473]]",0.32330870628356934,0.01695418357849121,"[0, 1]",0.0,"[0, 1]",0.0
240,26,0,0.0024000000000000002,True,whitenoise,"[[29.01184, 0, 53.882904, 19.197271], [90, 39.164978, 90, 90]]",0.31929993629455566,0.0030503273010253906,"[0, 1]",0.0,"[0, 1]",0.0
241,26,0,0.0024000000000000002,True,brightness,"[[30.04541, 0, 55.466183, 20.144968], [90, 38.912655, 90, 90]]",0.31929993629455566,0.004849433898925781,"[0, 1]",0.0,"[0, 1]",0.0
242,26,0,0.0024000000000000002,True,contrast,"[[48.48569, 2.752111, 75.41266, 30.196535], [48.59131, 2.818357, 75.58251, 30.27002]]",0.31929993629455566,0.017997026443481445,"[0, 1]",0.0,"[0, 1]",0.0
243,26,0,0.00243,True,whitenoise,"[[28.711205, 0, 53.579063, 19.03799], [90, 39.867493, 90, 90]]",0.313701868057251,0.00238037109375,"[0, 1]",0.0,"[0, 1]",0.0
244,26,0,0.00243,True,brightness,"[[29.75586, 0, 55.18064, 19.992949], [90, 39.609867, 90, 90]]",0.313701868057251,0.004112958908081055,"[0, 1]",0.0,"[0, 1]",0.0
245,26,0,0.00243,True,contrast,"[[48.48504, 2.7517562, 75.41177, 30.19635], [48.59233, 2.8193173, 75.58423, 30.271648]]",0.313701868057251,0.016773462295532227,"[0, 1]",0.0,"[0, 1]",0.0
246,26,0,0.00246,True,whitenoise,"[[28.413998, 0, 53.283875, 18.886936], [90, 40.569862, 90, 90]]",0.2835121154785156,0.002253293991088867,"[0, 1]",0.0,"[0, 1]",0.0
247,26,0,0.00246,True,brightness,"[[29.471397, 0, 54.905045, 19.853851], [90, 40.306957, 90, 90]]",0.2835121154785156,0.004013538360595703,"[0, 1]",0.0,"[0, 1]",0.0
248,26,0,0.00246,True,contrast,"[[48.484383, 2.7511907, 75.41087, 30.196018], [48.593494, 2.82028, 75.58617, 30.27328]]",0.2835121154785156,0.016765832901000977,"[0, 1]",0.0,"[0, 1]",0.0
249,26,0,0.00249,True,whitenoise,"[[28.113039, 0, 52.981228, 18.727434], [90, 41.272614, 90, 90]]",0.31283998489379883,0.0022237300872802734,"[0, 1]",0.0,"[0, 1]",0.0
250,26,0,0.00249,True,brightness,"[[29.183146, 0, 54.621933, 19.70562], [90, 41.004395, 90, 90]]",0.31283998489379883,0.004014492034912109,"[0, 1]",0.0,"[0, 1]",0.0
251,26,0,0.00249,True,contrast,"[[48.480137, 2.7508364, 75.40542, 30.195597], [48.594517, 2.8220444, 75.58789, 30.274908]]",0.31283998489379883,0.01669025421142578,"[0, 1]",0.0,"[0, 1]",0.0
252,26,0,0.00252,True,whitenoise,"[[27.816006, 0, 52.686516, 18.576954], [90, 41.97543, 90, 90]]",0.3354315757751465,0.0024166107177734375,"[0, 1]",0.0,"[0, 1]",0.0
253,26,0,0.00252,True,brightness,"[[28.899479, 0, 54.34789, 19.567738], [90, 41.70188, 90, 90]]",0.3354315757751465,0.004157066345214844,"[0, 1]",0.0,"[0, 1]",0.0
254,26,0,0.00252,True,contrast,"[[48.479458, 2.7504854, 75.40451, 30.195408], [48.595543, 2.82301, 75.589615, 30.276537]]",0.3354315757751465,0.01668572425842285,"[0, 1]",0.0,"[0, 1]",0.0
255,26,0,0.00255,True,whitenoise,"[[27.521242, 0, 52.39407, 18.426277], [90, 42.678093, 90, 90]]",0.31645750999450684,0.0026438236236572266,"[0, 1]",0.0,"[0, 1]",0.0
256,26,0,0.00255,True,brightness,"[[28.616072, 0, 54.072598, 19.427965], [90, 42.399204, 90, 90]]",0.31645750999450684,0.004399776458740234,"[0, 1]",0.0,"[0, 1]",0.0
257,26,0,0.00255,True,contrast,"[[48.478798, 2.7501335, 75.403595, 30.195223], [48.596565, 2.8239756, 75.59134, 30.278162]]",0.31645750999450684,0.01732039451599121,"[0, 1]",0.0,"[0, 1]",0.0
258,26,0,0.0025800000000000003,True,whitenoise,"[[27.22379, 0, 52.09675, 18.26676], [90, 43.381104, 90, 90]]",0.325878381729126,0.003257274627685547,"[0, 1]",0.0,"[0, 1]",0.0
259,26,0,0.0025800000000000003,True,brightness,"[[28.331417, 0, 53.795147, 19.280092], [90, 43.096863, 90, 90]]",0.325878381729126,0.005021572113037109,"[0, 1]",0.0,"[0, 1]",0.0
260,26,0,0.0025800000000000003,True,contrast,"[[48.47812, 2.7497797, 75.40268, 30.195038], [48.59758, 2.8249412, 75.59307, 30.279789]]",0.325878381729126,0.018162250518798828,"[0, 1]",0.0,"[0, 1]",0.0
261,26,0,0.00261,True,whitenoise,"[[26.925236, 0, 51.79874, 18.113508], [90, 44.08435, 90, 90]]",0.2957327365875244,0.0022270679473876953,"[0, 1]",0.0,"[0, 1]",0.0
262,26,0,0.00261,True,brightness,"[[28.045303, 0, 53.516163, 19.138624], [90, 43.794758, 90, 90]]",0.2957327365875244,0.003978252410888672,"[0, 1]",0.0,"[0, 1]",0.0
263,26,0,0.00261,True,contrast,"[[48.47745, 2.7494283, 75.40176, 30.194853], [48.598602, 2.8259053, 75.59481, 30.281422]]",0.2957327365875244,0.016559362411499023,"[0, 1]",0.0,"[0, 1]",0.0
264,26,0,0.00264,True,whitenoise,"[[26.548813, 0, 51.239223, 17.773617], [90, 44.91465, 90, 90]]",0.2850809097290039,0.002229928970336914,"[0, 1]",0.0,"[0, 1]",0.0
265,26,0,0.00264,True,brightness,"[[27.678488, 0, 52.968727, 18.809635], [90, 44.619537, 90, 90]]",0.2850809097290039,0.003973484039306641,"[0, 1]",0.0,"[0, 1]",0.0
266,26,0,0.00264,True,contrast,"[[48.47678, 2.7490306, 75.40084, 30.194664], [48.599922, 2.8268723, 75.596985, 30.283234]]",0.2850809097290039,0.01648855209350586,"[0, 1]",0.0,"[0, 1]",0.0
267,26,0,0.00267,True,whitenoise,"[[26.132576, 0, 50.793114, 17.5426], [90, 45.74339, 90, 90]]",0.31616926193237305,0.0022253990173339844,"[0, 1]",0.0,"[0, 1]",0.0
268,26,0,0.00267,True,brightness,"[[27.274008, 0, 52.540707, 18.590084], [90, 45.443718, 90, 90]]",0.31616926193237305,0.003946542739868164,"[0, 1]",0.0,"[0, 1]",0.0
269,26,0,0.00267,True,contrast,"[[48.476105, 2.7486782, 75.399925, 30.194479], [48.600952, 2.827838, 75.59873, 30.284863]]",0.31616926193237305,0.016359329223632812,"[0, 1]",0.0,"[0, 1]",0.0
270,26,0,0.0027,True,whitenoise,"[[25.707466, 0, 50.334114, 17.305515], [90, 46.578167, 90, 90]]",0.3021848201751709,0.0022094249725341797,"[0, 1]",0.0,"[0, 1]",0.0
271,26,0,0.0027,True,brightness,"[[26.861149, 0, 52.100384, 18.364723], [90, 46.27384, 90, 90]]",0.3021848201751709,0.003975868225097656,"[0, 1]",0.0,"[0, 1]",0.0
272,26,0,0.0027,True,contrast,"[[48.475433, 2.7483268, 75.39902, 30.194294], [48.60198, 2.828802, 75.600464, 30.28649]]",0.3021848201751709,0.016477584838867188,"[0, 1]",0.0,"[0, 1]",0.0
273,26,0,0.0027300000000000002,True,whitenoise,"[[25.283525, 0, 49.879097, 17.06767], [90, 47.41952, 90, 90]]",0.3027660846710205,0.0024132728576660156,"[0, 1]",0.0,"[0, 1]",0.0
274,26,0,0.0027300000000000002,True,brightness,"[[26.449879, 0, 51.664814, 18.139444], [90, 47.11045, 90, 90]]",0.3027660846710205,0.004205465316772461,"[0, 1]",0.0,"[0, 1]",0.0
275,26,0,0.0027300000000000002,True,contrast,"[[48.47477, 2.7479706, 75.398094, 30.194105], [48.602997, 2.8297696, 75.6022, 30.288126]]",0.3027660846710205,0.017020702362060547,"[0, 1]",0.0,"[0, 1]",0.0
276,26,0,0.00276,True,whitenoise,"[[24.86323, 0, 49.42296, 16.83281], [90, 48.237495, 90, 90]]",0.293903112411499,0.0022509098052978516,"[0, 1]",0.0,"[0, 1]",0.0
277,26,0,0.00276,True,brightness,"[[26.043041, 0, 51.229355, 17.917053], [90, 47.92361, 90, 90]]",0.293903112411499,0.00399017333984375,"[0, 1]",0.0,"[0, 1]",0.0
278,26,0,0.00276,True,contrast,"[[48.473312, 2.7473927, 75.395805, 30.192924], [48.604034, 2.8307352, 75.603935, 30.289757]]",0.293903112411499,0.016472578048706055,"[0, 1]",0.0,"[0, 1]",0.0
279,26,0,0.00279,True,whitenoise,"[[24.431705, 0, 48.947075, 16.588345], [90, 49.05165, 90, 90]]",0.2908182144165039,0.0022258758544921875,"[0, 1]",0.0,"[0, 1]",0.0
280,26,0,0.00279,True,brightness,"[[25.622444, 0, 50.769867, 17.682686], [90, 48.731678, 90, 90]]",0.2908182144165039,0.003946781158447266,"[0, 1]",0.0,"[0, 1]",0.0
281,26,0,0.00279,True,contrast,"[[48.472427, 2.746894, 75.394485, 30.192272], [48.605057, 2.8317394, 75.60567, 30.291403]]",0.2908182144165039,0.016377925872802734,"[0, 1]",0.0,"[0, 1]",0.0
282,26,0,0.00282,True,whitenoise,"[[24.015743, 0, 48.494972, 16.355568], [90, 49.862846, 90, 90]]",0.3217954635620117,0.0024263858795166016,"[0, 1]",0.0,"[0, 1]",0.0
283,26,0,0.00282,True,brightness,"[[25.219112, 0, 50.337067, 17.461962], [90, 49.538002, 90, 90]]",0.3217954635620117,0.0042340755462646484,"[0, 1]",0.0,"[0, 1]",0.0
284,26,0,0.00282,True,contrast,"[[48.47174, 2.7465353, 75.39354, 30.19207], [48.606094, 2.8327074, 75.607414, 30.293036]]",0.3217954635620117,0.017020225524902344,"[0, 1]",0.0,"[0, 1]",0.0
285,26,0,0.00285,True,whitenoise,"[[23.607552, 0, 48.048115, 16.126564], [90, 50.650093, 90, 90]]",0.2944672107696533,0.002234935760498047,"[0, 1]",0.0,"[0, 1]",0.0
286,26,0,0.00285,True,brightness,"[[24.823368, 0, 49.909195, 17.244804], [90, 50.320374, 90, 90]]",0.2944672107696533,0.003964900970458984,"[0, 1]",0.0,"[0, 1]",0.0
287,26,0,0.00285,True,contrast,"[[48.471054, 2.7461777, 75.39262, 30.191868], [48.607113, 2.8336735, 75.60915, 30.294668]]",0.2944672107696533,0.016507625579833984,"[0, 1]",0.0,"[0, 1]",0.0
288,26,0,0.00288,True,whitenoise,"[[23.200031, 0, 47.601646, 15.894673], [90, 51.436634, 90, 90]]",0.32276344299316406,0.002263784408569336,"[0, 1]",0.0,"[0, 1]",0.0
289,26,0,0.00288,True,brightness,"[[24.428297, 0, 49.481712, 17.024643], [90, 51.101765, 90, 90]]",0.32276344299316406,0.004023551940917969,"[0, 1]",0.0,"[0, 1]",0.0
290,26,0,0.00288,True,contrast,"[[48.470375, 2.7455306, 75.39168, 30.191664], [48.609894, 2.8346386, 75.61384, 30.297636]]",0.32276344299316406,0.016673803329467773,"[0, 1]",0.0,"[0, 1]",0.0
291,26,0,0.0029100000000000003,True,whitenoise,"[[22.7938, 0, 47.15669, 15.666651], [90, 52.22236, 90, 90]]",0.3015625476837158,0.0022308826446533203,"[0, 1]",0.0,"[0, 1]",0.0
292,26,0,0.0029100000000000003,True,brightness,"[[24.034311, 0, 49.055405, 16.80825], [90, 51.88257, 90, 90]]",0.3015625476837158,0.00400233268737793,"[0, 1]",0.0,"[0, 1]",0.0
293,26,0,0.0029100000000000003,True,contrast,"[[48.46968, 2.7451057, 75.39074, 30.191467], [48.610935, 2.8356051, 75.61581, 30.299421]]",0.3015625476837158,0.016733884811401367,"[0, 1]",0.0,"[0, 1]",0.0
294,26,0,0.00294,True,whitenoise,"[[22.386757, 0, 46.710205, 15.438308], [90, 53.00664, 90, 90]]",0.289797306060791,0.0022323131561279297,"[0, 1]",0.0,"[0, 1]",0.0
295,26,0,0.00294,True,brightness,"[[23.640461, 0, 48.629158, 16.592459], [90, 52.661915, 90, 90]]",0.289797306060791,0.003986358642578125,"[0, 1]",0.0,"[0, 1]",0.0
296,26,0,0.00294,True,contrast,"[[48.46888, 2.7443948, 75.389465, 30.19099], [48.620583, 2.8365722, 75.63153, 30.306324]]",0.289797306060791,0.016660451889038086,"[0, 1]",0.0,"[0, 1]",0.0
297,26,0,0.00297,True,whitenoise,"[[21.981611, 0, 46.26477, 15.209606], [90, 53.7908, 90, 90]]",0.3117837905883789,0.002379894256591797,"[0, 1]",0.0,"[0, 1]",0.0
298,26,0,0.00297,True,brightness,"[[23.247002, 0, 48.20136, 16.374828], [90, 53.44112, 90, 90]]",0.3117837905883789,0.0041887760162353516,"[0, 1]",0.0,"[0, 1]",0.0
299,26,0,0.00297,True,contrast,"[[48.468197, 2.7439575, 75.388535, 30.190784], [48.621758, 2.8375401, 75.633705, 30.30817]]",0.3117837905883789,0.016940832138061523,"[0, 1]",0.0,"[0, 1]",0.0
300,26,0,0.003,True,whitenoise,"[[21.573544, 0, 45.816612, 14.980151], [90, 54.57499, 90, 90]]",0.3221476078033447,0.002213001251220703,"[0, 1]",0.0,"[0, 1]",0.0
301,26,0,0.003,True,brightness,"[[22.852806, 0, 47.774647, 16.15836], [90, 54.22034, 90, 90]]",0.3221476078033447,0.003926515579223633,"[0, 1]",0.0,"[0, 1]",0.0
302,26,0,0.003,True,contrast,"[[48.467506, 2.7435145, 75.3876, 30.19058], [48.622948, 2.8385077, 75.635895, 30.310024]]",0.3221476078033447,0.01629328727722168,"[0, 1]",0.0,"[0, 1]",0.0
