,image_id,eps,perturbation,gt_logit,gt_box,lb_box,ub_box,lb_adv,ub_adv,elapsed_time
0,0,0.000980392156862745,whitenoise,1,[42. 45. 70. 73.],[41.38794  45.088806 69.57573  73.31335 ],[41.42594  45.126072 69.63629  73.37414 ],"[  0.23870945  15.882477    -6.2889733  -17.366625     6.7759495
  -6.417577    -2.5559607    4.74006    -12.893902     0.9036076 ]","[  0.3329525   15.966863    -6.245011   -17.240738     6.8341722
  -6.3520794   -2.4567597    4.8204284  -12.82262      0.94708157]",0.3166637420654297
1,0,0.00196078431372549,whitenoise,7,[ 5. 10. 33. 38.],[ 4.456788 10.049149 32.21882  37.94804 ],[ 4.5546765 10.147619  32.371284  38.102455 ],"[ -2.315662     3.1881514    1.5126595   -0.10842919  -0.92968535
  -3.0063472  -12.263211    11.2276325   -8.976513     2.760149  ]","[ -2.1103919    3.4525394    1.6575525    0.08455974  -0.77530736
  -2.8280063  -12.099445    11.456052    -8.712585     2.8866751 ]",0.2225332260131836
2,0,0.0029411764705882353,whitenoise,3,[37. 22. 65. 50.],[36.773193 22.07216  65.01239  50.787685],[37.07459  22.309122 65.412636 51.147106],"[ -8.94335    -8.922758    5.0056252  11.2019825  -3.879592    3.5123308
 -16.846806    1.7723216  -1.881834    1.837008 ]","[ -8.34544    -8.288045    5.3079133  11.774425   -3.482562    3.8706002
 -16.116179    2.5456505  -1.117161    2.1340604]",0.2122361660003662
3,0,0.00392156862745098,whitenoise,9,[42. 12. 70. 40.],[39.976414 11.657183 67.6406   39.342926],[40.434284 12.019036 68.18324  39.78987 ],"[ 2.013873   -8.859322    0.9013853  -2.6123796  -0.08331871 -1.7976305
 -8.160855   -0.6892983   0.03861713  5.0002747 ]","[ 2.7697701  -7.971404    1.255688   -1.7726734   0.3876146  -1.3915291
 -7.238456    0.26247787  0.87881315  5.395573  ]",0.2037360668182373
4,0,0.004901960784313725,whitenoise,1,[50.  6. 78. 34.],[46.925148  9.045678 74.729866 37.258415],[47.597404  9.507399 75.55896  37.780136],"[  0.17763901  12.925155    -3.9867153  -15.62828      3.8257122
  -4.0069103   -0.33754063   2.03609     -6.5691833    0.3582945 ]","[  0.78859943  13.601911    -3.6858933  -14.9771385    4.2153854
  -3.6841738    0.31567955   2.7412467   -5.778673     0.6633404 ]",0.20044589042663574
5,0,0.0058823529411764705,whitenoise,2,[20. 44. 48. 72.],[17.931337 42.30499  46.082405 70.344925],[18.741564 43.49907  47.32284  72.18127 ],"[  0.31166077  -6.417932     5.599665     0.5981407   -4.0853415
  -2.649953   -10.401073     1.7892685   -5.703553     0.55119157]","[ 2.515851  -3.9371796  6.922956   2.598257  -2.7126281 -1.4436696
 -7.980056   4.3699503 -3.0622296  1.9392171]",0.2148420810699463
6,0,0.006862745098039216,whitenoise,8,[46. 20. 74. 48.],[45.155304 20.106026 74.16583  49.01757 ],[47.018646 21.212719 77.103355 51.14933 ],"[  5.0194073  -17.216505     2.3610063   -7.6374516   -5.366154
   0.05024266   2.751913   -14.97609      8.409124     1.1993215 ]","[  7.429015  -14.713833    3.823981   -4.4962945  -3.5836978   1.403214
   5.925406  -12.011863   11.0178995   2.6704082]",0.2118680477142334
7,0,0.00784313725490196,whitenoise,7,[51. 29. 79. 57.],[50.195435 27.792536 78.10833  56.273155],[51.920776 29.054092 80.796646 58.332787],"[ -6.262354     0.74975944  -1.415884    -5.7332535    0.4681759
  -1.092947   -17.128876    10.216042   -12.623462     1.5919499 ]","[ -3.7505116    3.6952057    0.23428869  -3.0428846    2.3755476
   0.71170425 -14.108136    13.103952    -9.577505     3.3802423 ]",0.21266722679138184
8,0,0.008823529411764706,whitenoise,1,[44. 54. 72. 82.],[43.16419  53.949974 71.000595 81.733   ],[44.601543 55.739166 73.35248  84.31916 ],"[ -1.9619875    9.235816    -5.5763364  -18.119034     5.7358403
  -6.3216524   -2.8266482    1.9800882  -11.979924    -0.77650976]","[  0.38743448  12.341567    -4.1851087  -16.086514     7.462016
  -4.8523526   -0.98977566   4.3426104   -9.24929      0.3774494 ]",0.23862195014953613
9,0,0.00980392156862745,whitenoise,0,[ 3. 25. 31. 53.],[ 2.811513 24.60252  31.778318 53.012756],[ 4.970132 26.824505 35.22728  56.971935],"[  6.3675327  -6.3638496  -1.5007391 -15.310437    1.7725558  -4.638773
   2.0003548  -8.773002   -1.3300705   1.08708  ]","[  9.833673   -2.1344624   1.0936532 -11.072688    4.6018558  -2.5777535
   5.854796   -4.7816534   2.839941    3.1432688]",0.21915316581726074
10,0,0.010784313725490196,whitenoise,4,[17. 33. 45. 61.],[16.187809 33.53537  44.301422 61.432793],[19.552189 36.152    48.443592 64.84263 ],"[ -1.1819592  -4.1050243  -2.5847502 -14.018589    3.6552305  -2.8037863
  -0.6433258  -8.226877   -3.8214025   0.409338 ]","[ 3.6621025   1.7084141   0.63498926 -9.222966    6.795987    0.12991905
  4.8610644  -2.5535793   1.7496505   3.0685916 ]",0.24334001541137695
11,0,0.011764705882352941,whitenoise,9,[51. 47. 79. 75.],[48.63406 44.82512 75.96807 71.94444],[52.129936 48.220417 81.030174 77.13919 ],"[ -0.33659744  -9.162345    -4.1629996   -9.509147    -1.9765401
  -5.4194503  -12.883158     0.46452904  -3.738389     5.9249077 ]","[ 3.907915  -4.0154667 -1.9017186 -5.189537   0.8620827 -2.853425
 -8.17158    5.25112    1.17873    8.484065 ]",0.2269608974456787
12,0,0.012745098039215686,whitenoise,7,[59.  7. 87. 35.],[61.902878  4.907631 91.059296 34.78765 ],[67.33707    7.6852155 99.641594  39.41155  ],"[ -3.9886465  -1.4681463  -6.70577   -13.509574    3.4639654  -8.4899435
 -18.841455    9.362592   -9.676023    6.4578648]","[  0.85732365   4.217889    -3.7361045   -8.439938     6.7347565
  -5.414852   -13.126675    15.205173    -4.2258368    9.499086  ]",0.22426390647888184
13,0,0.013725490196078431,whitenoise,2,[18.  3. 46. 31.],[15.726299  1.158689 43.410362 29.064236],[19.742031  4.35598  49.302834 34.20136 ],"[ -0.41295147 -15.060498     3.1543162   -1.085865    -4.3626537
  -1.7743196   -8.006214    -8.52944     -3.339281    -0.9087014 ]","[ 5.108119   -7.935815    7.226671    4.8247075  -0.26913214  1.6596289
 -1.1825829  -1.260004    4.1675606   2.4305825 ]",0.22166728973388672
14,0,0.014705882352941176,whitenoise,0,[26. 55. 54. 83.],[25.15229  54.27688  53.530983 83.17919 ],[31.139206 62.359634 62.60989  94.75471 ],"[  6.512686   -12.121183    -4.175051   -17.90203     -2.0740843
  -7.2559586   -2.548109   -10.574141    -4.3608646    0.62265205]","[14.799955  -1.3798218  1.962069  -8.720943   4.445156  -0.9573765
  8.662189   0.8402481  6.609379   6.141925 ]",0.24949097633361816
15,0,0.01568627450980392,whitenoise,4,[ 9. 34. 37. 62.],[ 7.53389  32.275433 36.311623 60.880943],[11.285701 36.217583 41.480915 66.937996],"[ -1.3017654   -4.6638136   -6.2508926  -18.166683     6.2783065
  -2.553187     0.05317307  -8.875164    -7.8722744    0.18843126]","[  5.513848     3.7538242   -1.8055754  -11.338966    10.496968
   1.139204     7.1991506   -1.3873444    0.02142906   3.815959  ]",0.23002386093139648
16,0,0.016666666666666666,whitenoise,7,[13. 58. 41. 86.],[ 9.664962 57.094402 38.31075  85.163605],[15.542225 64.21298  46.49077  95.369705],"[ -1.8315086  -3.1516232 -10.22102   -19.422419    0.5023699  -6.00776
 -16.019434    4.5700407 -13.810455    1.5105143]","[ 6.536485    6.46727    -4.097247   -9.889161    6.771914    0.42366028
 -6.1381035  13.264339   -5.098955    6.626871  ]",0.22501087188720703
17,0,0.01764705882352941,whitenoise,7,[28.  5. 56. 33.],[23.714113  2.049126 50.908    29.828577],[32.208202  8.724365 61.99283  39.154896],"[ -5.5941114  -9.464853   -4.0723057 -12.131746   -5.22058    -5.928073
 -20.364904   -2.1842308 -12.173376    1.2346616]","[ 5.318017    4.9508095   3.640088   -0.41701317  3.3087845   1.4895096
 -6.2234364  15.174227    3.704794    8.656109  ]",0.24340176582336426
18,0,0.018627450980392157,whitenoise,3,[35. 27. 63. 55.],[33.728645 26.055298 61.29697  54.289703],[39.716568 31.68187  69.80191  62.276424],"[-13.309572   -10.086346     2.3606062    7.9446707   -7.18495
   0.61297226 -22.458559     0.5607796  -10.97338     -0.7145262 ]","[ -4.9833922   -1.1199932    6.9786544   15.471508    -1.7835248
   5.580068   -13.742258    10.6985855   -0.03004837   3.9957628 ]",0.25838208198547363
19,0,0.0196078431372549,whitenoise,3,[52. 26. 80. 54.],[48.978535 24.114672 75.95242  51.69937 ],[58.733303 29.452354 90.16483  60.80643 ],"[ -8.303035  -15.624854    0.2111597  -2.5841951  -6.807768   -0.7096405
 -15.789693  -10.168436   -5.9103317  -2.4488153]","[ 2.0225697  -2.034687    7.8383527   8.0104885   0.90288067  6.3218646
 -1.325674    3.5717106   7.651026    5.503153  ]",0.2416069507598877
20,0,0.020588235294117647,whitenoise,7,[ 6. 25. 34. 53.],[ 3.5800066 20.930717  32.91723   50.527023 ],[13.447699 34.430027 47.532864 69.22261 ],"[-13.544527  -16.720621   -5.1172237  -6.7483397  -6.055297   -2.8509302
 -20.92382    -4.9419346 -12.776165   -1.2971697]","[ 0.806695   1.1202984  5.9831715  9.588987   3.9610195  6.9592013
 -3.9469414 12.434974   5.0062675  7.567253 ]",0.21227073669433594
21,0,0.021568627450980392,whitenoise,4,[ 8. 23. 36. 51.],[ 2.9086852 19.34517   31.282663  47.35201  ],[15.947872 32.202587 48.662655 65.82333 ],"[-10.54984    -12.067753   -10.521184   -21.641552    -0.19071674
  -6.1600027  -13.721293   -10.939217   -18.273281    -3.4527788 ]","[ 8.079446  11.103138   3.3210049 -2.2575321 12.812537   5.7817683
  7.7978687 13.475271   4.675312   8.006905 ]",0.22213292121887207
22,0,0.022549019607843137,whitenoise,3,[59. 44. 87. 72.],[56.971672 39.86363  84.14126  67.0609  ],[ 75.92488  53.68088 111.72847  89.97767],"[-10.856163  -23.791904   -0.6041813  -2.6048737 -12.596558    1.0540514
 -22.994127  -10.031267   -8.478413   -6.1366663]","[ 5.7925835 -5.130394   8.7483425 13.182142  -0.7078419 11.031129
 -3.4161968  8.912248   9.130458   5.075248 ]",0.2481861114501953
23,0,0.023529411764705882,whitenoise,5,[18.  8. 46. 36.],[13.596048   5.1615195 42.17477   33.354107 ],[25.352991 15.033033 59.9114   50.417217],"[-11.666991  -18.541204   -4.5731244  -9.407007   -9.136667    1.2787781
 -18.123056  -14.401195  -12.879599   -5.630892 ]","[ 5.621544   0.8787708  6.462962   8.240558   2.6338649 12.433849
  4.027872   8.006556   9.864693   3.9146228]",0.22516822814941406
24,0,0.024509803921568627,whitenoise,8,[32. 38. 60. 66.],[27.37761  34.23899  55.88833  62.999077],[46.148506 51.48415  82.80237  88.829445],"[ -3.927414  -25.834106   -7.3890505 -24.98161    -9.560169   -6.5513325
  -8.707569  -26.833332   -6.146742   -4.3778257]","[20.8772    -1.6060143  6.1742916  0.6720276  6.7931137  9.155712
 21.330278   1.8168068 21.341162   9.58722  ]",0.22901296615600586
25,0,0.025490196078431372,whitenoise,4,[52.  8. 80. 36.],[48.18263   5.759047 74.11899  32.771393],[61.218777 13.837132 94.4029   45.64953 ],"[ -8.115304  -11.156397   -6.1998863 -17.147533    0.540081   -7.1302614
 -13.5072565  -8.705138  -14.829609   -4.006425 ]","[ 9.228094   7.9125977  4.037968   0.2762041 11.618373   2.867014
  5.705245  10.710367   4.4986973  6.488366 ]",0.23627805709838867
26,0,0.026470588235294117,whitenoise,3,[13. 34. 41. 62.],[ 8.385648 29.917904 36.336784 57.746967],[23.709389 45.37593  58.278297 80.682976],"[-14.93844   -20.52747    -4.495287   -7.717602  -12.180313   -6.03959
 -23.616547  -14.451042  -14.146572   -4.6843824]","[ 7.9862146  3.9885483 10.910084  15.661987   5.0039043  9.425737
  3.196848  12.242552  12.612458   8.762329 ]",0.21555876731872559
27,0,0.027450980392156862,whitenoise,3,[ 7. 18. 35. 46.],[ 4.39281  14.163494 32.117184 42.028767],[14.385862 25.871101 48.634235 60.728363],"[-14.919989   -17.109282    -2.924385    -1.5592251  -10.1392355
  -0.33496666 -21.510958    -7.919133   -12.51021     -4.787056  ]","[-0.5645361  1.9003925  9.20433   15.066572   0.5762477  9.967625
 -2.424222  12.074865   7.549547   5.6013923]",0.2309422492980957
28,0,0.028431372549019607,whitenoise,5,[60. 43. 88. 71.],[52.78632 38.60223 79.4341  65.22779],[ 73.01208   53.309605 108.63631   89.64466 ],"[-11.284569  -16.923264   -5.3650236 -14.078122   -8.569481   -2.2587118
 -14.413533  -15.7604685  -8.857177   -6.98748  ]","[ 8.742392   2.9085522  5.3484263  5.4939156  3.9823756 10.337907
  8.705733   5.450719  10.597123   5.7526855]",0.2293870449066162
29,0,0.029411764705882353,whitenoise,4,[ 5. 61. 33. 89.],[ 0.9305837 54.9302    26.171463  79.73129  ],[ 16.140621  78.13341   49.70913  113.69359 ],"[ -8.937657  -18.749096   -6.5758963 -18.029068   -5.094885  -14.279461
 -19.603107   -8.5782385 -12.31289    -3.682928 ]","[11.144434   6.157963   8.412525   4.251479  11.65159    4.8342915
  3.9622326 11.494669   6.720459   9.381611 ]",0.2283320426940918
30,0,0.030392156862745098,whitenoise,8,[42. 31. 70. 59.],[37.13432  28.276016 64.83767  55.68937 ],[56.407852 44.18504  92.70881  80.93663 ],"[ -9.181496  -26.886509   -9.6723795 -23.392214   -9.848932   -9.625294
 -13.421223  -28.858356   -8.851095   -5.4147053]","[17.102623   4.489834   8.58961    5.08475    8.968187   7.9466467
 19.179047   3.8920155 23.87821   11.769451 ]",0.2078697681427002
31,0,0.03137254901960784,whitenoise,9,[53.  7. 81. 35.],[48.90365    1.5057094 75.32615   29.51038  ],[ 75.09036   14.573027 113.410355  51.44157 ],"[-10.239727  -24.147358   -8.907639  -19.716476   -8.6444435  -9.686222
 -22.307507  -16.171522  -15.658964   -3.45759  ]","[15.538382   3.5824242  7.655981   4.7258453  9.7057085  5.358198
  8.67115   16.597063  15.642462  12.030272 ]",0.2177731990814209
32,0,0.03235294117647059,whitenoise,4,[ 9.  8. 37. 36.],[-1.8627644e-02  1.3993063e+00  2.7592546e+01  2.9030014e+01],[26.195616 20.383728 65.635086 61.088905],"[-12.335987  -20.03393   -14.2181225 -30.103155   -2.9398441 -15.063828
 -14.892158  -22.995037  -24.632538   -7.0528355]","[17.892248  17.42659    9.167694   2.5585613 20.536371   6.806328
 18.228697  15.31963   14.159203  10.747431 ]",0.276256799697876
33,0,0.03333333333333333,whitenoise,6,[42.  4. 70. 32.],[34.898903  -2.5718448 63.046535  26.85824  ],[59.60321  13.397068 96.929985 49.728477],"[ -6.517294 -25.1058   -11.992819 -34.5344    -4.35923   -9.740145
  -8.308647 -34.48855  -13.245773  -8.568258]","[20.389545   9.858707   7.1260223 -4.915537  15.511094   6.8163385
 29.478445   4.8840027 22.438019  10.012844 ]",0.23566913604736328
34,0,0.03431372549019608,whitenoise,4,[ 5.  5. 33. 33.],[-1.4162915  -0.80748475 26.3199     26.330254  ],[19.956583 19.257383 55.073742 55.071938],"[-12.720193  -17.292374  -11.743412  -22.337929   -5.068446  -12.556096
 -15.259254  -18.220287  -16.662746   -3.3257236]","[ 9.3962    14.560106   6.7031727  4.5699883 14.63222    5.2739635
 10.609995  12.411197  14.4912195 12.003367 ]",0.2194349765777588
35,0,0.03529411764705882,whitenoise,1,[31. 40. 59. 68.],[26.791908 35.907173 53.739964 62.515816],[37.80948 44.14792 69.51074 75.87674],"[-10.552655   -4.2022753  -8.087452  -18.387405   -1.6643171  -9.710796
 -15.173242   -8.040522  -18.294613   -2.4385076]","[ 6.2455635 19.03843    2.59896   -1.8698187 10.581351   1.1694956
  5.115391  13.936366   4.569721   7.28178  ]",0.2368941307067871
36,0,0.03627450980392157,whitenoise,7,[61.  0. 89. 28.],[54.28836  -9.261524 81.5206   21.834393],[ 93.620575  16.751163 139.2324    58.030304],"[-16.324278  -14.754074  -12.484656  -29.030556   -4.380514  -16.27354
 -28.707998   -5.834852  -16.34814    -1.2460194]","[11.255527   11.136721    5.7944946  -0.84191704 12.68148     3.7731104
  2.694807   24.949707   11.029781   15.812906  ]",0.2288358211517334
37,0,0.03725490196078431,whitenoise,3,[56. 58. 84. 86.],[49.03624  48.973267 73.8143   74.44919 ],[ 82.54577   84.50596  124.450745 125.98561 ],"[-19.484867  -27.36837    -4.0099106  -9.211321  -15.332257   -9.609445
 -32.251564  -13.718048  -20.798859   -8.788406 ]","[ 9.10963    6.9532814 12.358384  18.95609    6.4775705 11.942802
  2.095848  20.02621   11.492379  11.214088 ]",0.23700714111328125
38,0,0.03823529411764706,whitenoise,8,[50. 29. 78. 57.],[39.667107 22.316769 67.06451  50.3244  ],[ 73.809364  45.46539  117.258125  89.05302 ],"[-15.193274  -36.059875  -11.3436985 -29.749557  -16.697102  -10.643824
 -22.613615  -39.618885  -15.386478  -12.811245 ]","[22.957745   8.707134  14.419271  11.811677   9.971953  13.404145
 32.213917  11.2125225 31.453915  15.521046 ]",0.2181689739227295
39,1,0.000980392156862745,whitenoise,7,[53. 49. 81. 77.],[53.915924 48.88845  81.53892  76.32686 ],[54.005688 48.956917 81.66008  76.4295  ],"[ -0.7805824   0.4718914  -2.4712663  -9.367846    2.759668   -4.905981
 -14.17848    11.225816  -11.490638    4.4641294]","[ -0.6706629   0.5829754  -2.4186924  -9.243378    2.8322678  -4.830674
 -14.076871   11.3291645 -11.382477    4.5196557]",0.21704721450805664
40,1,0.00196078431372549,whitenoise,7,[19. 51. 47. 79.],[18.991453 50.583607 46.565636 78.40236 ],[19.198442 50.754105 46.817265 78.65236 ],"[ -4.8705835   -1.3956585    1.4738629    0.26637316  -1.9272451
  -1.8342783  -16.003717     7.952871    -5.9206343    4.6419325 ]","[ -4.5732975  -1.0269814   1.6313488   0.5615275  -1.7387326  -1.660373
 -15.781543    8.223954   -5.606207    4.8091807]",0.23067402839660645
41,1,0.0029411764705882353,whitenoise,8,[ 9. 58. 37. 86.],[ 8.414302 57.30278  36.01307  84.939606],[ 8.826592 57.962364 36.531555 85.83391 ],"[  2.7474232 -11.956675    2.2241032  -4.075715   -3.1486564  -2.3092763
  -0.9543328  -7.7283745   4.89535     2.315436 ]","[  3.364441   -11.080249     2.682497    -3.280436    -2.7017431
  -1.7193642   -0.13800144  -6.9976964    5.5762734    2.7318628 ]",0.21137261390686035
42,1,0.00392156862745098,whitenoise,2,[11.  9. 39. 37.],[ 9.278402  9.384329 36.612675 36.573837],[10.28026  10.070544 37.788654 37.629677],"[-0.5568752  -9.482846    4.1748743   0.7980597  -3.5981588   0.12316906
 -5.2325277  -4.645541   -0.04492855  0.04493666]","[ 0.53902435 -8.142174    4.885257    1.9246949  -2.6939938   0.7682657
 -4.0431666  -3.2838593   1.4324374   0.63224185]",0.23919916152954102
43,1,0.004901960784313725,whitenoise,9,[52. 18. 80. 46.],[51.618767 17.216532 79.87888  45.61107 ],[52.6321   17.820047 81.39724  46.60916 ],"[-0.14960194 -6.3896694  -2.1487753  -5.6213665  -0.16721058 -2.0751112
 -9.348412    0.48498726 -1.2731218   5.4324102 ]","[ 1.3203394  -4.6665783  -1.2073989  -3.8394527   1.0598572  -1.0021992
 -7.456401    2.5416622   0.71944094  6.412218  ]",0.22974276542663574
44,1,0.0058823529411764705,whitenoise,4,[61. 39. 89. 67.],[59.3639  38.51742 87.5869  66.68262],[60.824444 39.37165  89.752075 68.210464],"[ -1.5954227  -5.5434318  -4.1830072 -11.997374    3.5825987  -2.5487278
  -7.2011023   1.5308394  -1.6907077   4.632842 ]","[ -0.24659085  -3.9095287   -3.4471111  -10.748913     4.456954
  -1.524476    -5.527908     3.2151084   -0.2081542    5.492647  ]",0.20874285697937012
45,1,0.006862745098039216,whitenoise,9,[33. 25. 61. 53.],[31.51894  24.608772 60.045166 53.430885],[33.621906 26.779314 63.279606 56.340763],"[  3.060707   -9.755743   -1.9345121 -10.589354   -2.2498293  -1.6695981
  -4.6259136  -4.9369774  -2.1286354   3.4519072]","[ 7.1322837e+00 -5.4977360e+00  3.9267921e-01 -6.6586885e+00
  8.3466959e-01  7.9280186e-01 -4.9455643e-02  3.1070709e-03
  2.9825745e+00  5.7534351e+00]",0.2220628261566162
46,1,0.00784313725490196,whitenoise,6,[45. 42. 73. 70.],[45.45314 40.58241 74.30652 69.81462],[47.33096  42.185596 77.25159  72.456856],"[  8.250872   -11.097105     0.08449054 -17.122147     1.4118986
  -3.5140285    9.065044   -15.111715     2.116127    -0.53876066]","[ 11.166379   -8.088039    1.7242873 -14.136469    3.4264338  -1.8034463
  12.18762   -11.908212    5.3171673   1.0865102]",0.22306585311889648
47,1,0.008823529411764706,whitenoise,3,[54.  7. 82. 35.],[52.33673    6.5405784 79.585846  34.39618  ],[55.12489   7.823674 83.78547  36.719143],"[ -6.618675   -12.6968355    3.0230174   10.943277    -5.6952133
   5.441931   -17.450375    -0.10025406  -3.7016163   -0.30249214]","[ -4.294012  -10.056045    4.4739122  13.153631   -4.0452833   6.8386335
 -14.367901    2.9840302  -0.9262161   1.0508372]",0.21397924423217773
48,1,0.00980392156862745,whitenoise,5,[47. 36. 75. 64.],[45.617462 36.99707  73.384026 64.65952 ],[48.70415  39.069984 77.753944 68.15538 ],"[ -7.46485    -12.4125805   -1.0145663   -0.48898697  -3.359034
   9.0607195  -12.04175     -1.9493856   -4.4453974   -0.6952238 ]","[-4.266632   -8.678701    0.74437666  3.6554303  -0.8222661  10.974643
 -7.478221    2.4377565  -0.38131142  1.1974759 ]",0.21701812744140625
49,1,0.010784313725490196,whitenoise,6,[14. 54. 42. 82.],[13.677416 54.896896 41.383003 82.90496 ],[16.523928 59.1839   45.895428 89.01122 ],"[  6.797785  -11.250942   -4.6126995 -21.466515    1.2192907   1.0590286
  10.956024  -16.365393    2.3000793  -2.3071187]","[ 11.4879     -5.7284584  -1.3773136 -15.318979    5.186993    4.2586665
  16.991158  -10.921719    7.6826267   0.6893594]",0.22736597061157227
50,1,0.011764705882352941,whitenoise,0,[30.  4. 58. 32.],[30.227276   3.9667416 58.264725  32.12825  ],[34.696796   7.2477074 66.18951   38.123573 ],"[  9.749022   -18.55839     -1.3974178  -18.935759    -4.766737
  -4.693384    -2.6363907  -13.418278    -1.3188       0.91209555]","[ 16.480886   -10.530584     2.4589224   -9.074934     1.5000286
   0.24399137   8.078149    -3.3457413    7.9494953    4.767273  ]",0.21658086776733398
51,1,0.012745098039215686,whitenoise,3,[39. 10. 67. 38.],[38.87124   9.201374 66.165535 37.08866 ],[42.485115 11.472787 71.36862  40.834316],"[ -8.681778   -11.4923725    3.7767453    9.375506    -6.793312
   3.3787596  -17.439842    -1.559391    -3.9927254   -0.25339508]","[ -4.7363434  -6.9723396   5.579672   13.56587    -4.1393175   5.569182
 -12.820646    3.5550842   0.9290581   1.9632373]",0.20388007164001465
52,1,0.013725490196078431,whitenoise,9,[61. 37. 89. 65.],[56.967308 35.725807 84.26244  62.796844],[63.707287 39.59418  93.61225  69.647   ],"[ -6.667471   -14.351736    -3.532357    -5.3760786   -2.7828097
  -1.3145893  -13.436319    -3.1378841    0.24631691   4.7853804 ]","[-0.9282541  -7.9353867  -0.36817503  0.20945907  1.4667127   2.4213629
 -6.051058    3.5807972   6.1317606   9.108948  ]",0.2021031379699707
53,1,0.014705882352941176,whitenoise,4,[27.  2. 55. 30.],[23.776163  -1.3813047 52.64406   27.234467 ],[30.717148   3.8587217 63.388123  35.87546  ],"[  2.1087627   -7.1707535   -8.134133   -27.009052     5.638653
  -7.4563093   -2.64678     -9.293513   -10.844889     0.03455353]","[ 12.364784    6.390877   -0.9158373 -15.150431   12.996365   -0.9251828
  10.010672    5.0300198   2.813552    6.085822 ]",0.20398283004760742
54,1,0.01568627450980392,whitenoise,8,[24.  4. 52. 32.],[20.914616  1.539649 47.613186 28.1727  ],[28.737812   7.4370766 60.41318   39.483498 ],"[ -1.0874195  -21.524137    -2.4118023  -11.213208    -7.0124016
  -2.244925    -6.3868484  -18.675304     1.0163193   -0.47980642]","[10.201491   -9.01247     3.964841    1.0397215   0.41207838  4.587975
  7.184392   -5.562066   13.71977     5.462744  ]",0.22900390625
55,1,0.016666666666666666,whitenoise,0,[61. 28. 89. 56.],[61.649845 25.81463  89.383675 53.805565],[ 71.6434    30.68877  104.786026  63.49384 ],"[ -0.8983879  -11.785742    -4.521071   -10.773598    -3.4155726
  -6.071968   -17.28624     -2.579893    -5.918248     0.71955585]","[ 7.81412    -2.584961    0.50603485 -2.379284    2.59552     0.7812023
 -5.5742283   8.669332    4.5000486   6.5289927 ]",0.23575687408447266
56,1,0.01764705882352941,whitenoise,6,[28. 10. 56. 38.],[26.31831   9.105443 54.497395 37.991295],[34.64433   15.9013815 67.70001   48.46443  ],"[  1.2341118  -18.618982    -1.0577049  -18.016644    -5.068427
  -3.6659732    0.90960693 -24.016165    -1.0315228   -3.5360785 ]","[13.443329  -4.4905815  5.29933   -6.2293816  3.58637    4.9811907
 17.812294  -6.455633  15.611504   3.965331 ]",0.23247504234313965
57,1,0.018627450980392157,whitenoise,0,[ 4. 16. 32. 44.],[ 0.9098077 14.053509  28.534462  41.078064 ],[ 9.67783  22.341967 42.569626 55.73564 ],"[  1.4245205  -18.67708     -5.287053   -15.013207    -5.1244116
  -7.3790836   -3.5748234  -18.600502    -0.70985985  -0.28672028]","[12.761888  -3.8733711  4.7715325 -1.0372028  4.299648   1.4561195
 10.858973  -3.1040974 14.134768   7.653684 ]",0.2515740394592285
58,1,0.0196078431372549,whitenoise,2,[40. 44. 68. 72.],[36.77516  39.25592  63.941776 66.52043 ],[47.048756 49.639782 79.84495  82.61516 ],"[ -6.2972584 -14.462914   -2.5717    -14.44975    -4.736003   -3.6518564
 -10.094208  -17.051727  -13.229023   -6.674921 ]","[10.013478   3.9067478  7.1510305  0.9377413  5.9190097  5.6292777
 10.573484   4.8428707  8.136986   3.455985 ]",0.2563190460205078
59,1,0.020588235294117647,whitenoise,7,[24. 26. 52. 54.],[19.775639 21.930199 47.77312  50.14819 ],[30.789328 31.273394 61.69465  62.712963],"[ -6.641754    -8.253446    -6.5696883  -14.902798    -2.0148115
  -9.049831   -21.479918    -0.7632122  -16.21611      0.22675991]","[ 8.321517    9.626198    2.7412424   0.06926537  8.583841    2.1036377
 -5.0015335  16.344814    1.3395424   8.688891  ]",0.2627100944519043
60,1,0.021568627450980392,whitenoise,5,[56. 32. 84. 60.],[51.66107  31.275879 79.5852   59.136898],[61.5506   36.877937 93.76671  69.46787 ],"[ -7.808202  -14.497008   -3.1814628 -10.66823    -3.6590118   1.70116
  -8.699118  -12.726492   -4.7833223  -1.9096012]","[ 2.072153   -1.4824963   2.5717149   0.03396416  4.4288692   7.3791065
  4.694252    0.7242012   8.582982    4.5442023 ]",0.2659621238708496
61,1,0.022549019607843137,whitenoise,9,[39. 27. 67. 55.],[33.94568  22.746098 61.535057 50.05869 ],[48.249546 35.4499   79.6273   67.5467  ],"[ -6.155285  -15.979912   -4.4742    -13.593046  -10.006101   -6.3070974
 -14.385516  -15.416753   -9.621363   -2.334444 ]","[11.457022   5.8244667  5.8604617  3.7427158  2.9369974  5.998961
  7.119814   8.07373   14.354194   9.083765 ]",0.22943806648254395
62,1,0.023529411764705882,whitenoise,9,[43. 28. 71. 56.],[39.99086  26.207577 67.631874 53.299007],[47.924423 32.817036 78.20717  63.217205],"[ -5.37743   -12.712113   -2.8729768 -10.202047   -5.8679156  -4.1635385
 -12.0670395  -9.06001    -5.764428    1.1298475]","[5.7554655 0.5378628 3.5772052 1.2032576 2.0372367 2.718607  0.3645029
 4.6774063 9.012332  8.010297 ]",0.2429959774017334
63,1,0.024509803921568627,whitenoise,3,[57. 31. 85. 59.],[51.518753 27.570936 78.543274 54.99362 ],[ 66.67274  36.2116  100.62721  70.30819],"[-16.983109  -16.307978   -4.3092265   4.163144  -10.687906    2.4517202
 -30.91665    -2.7845383 -13.177292   -2.3362837]","[ -2.6748505    0.56890297   5.388025    17.88439      0.07388401
  12.012561   -12.517117    16.072414     3.9938307    8.083671  ]",0.2370598316192627
64,1,0.025490196078431372,whitenoise,5,[41. 58. 69. 86.],[37.46659  53.049057 64.22735  80.21336 ],[45.23552  63.38533  75.97355  94.237816],"[-10.000443  -13.7188     -2.3512712  -5.8274317  -6.0395603   1.4181476
  -9.956402  -10.64448    -7.1775904  -3.0551038]","[ 0.39544868 -1.1091957   4.593463    6.3189406   3.1308565   7.8626046
  4.1436462   1.4770212   4.78416     4.6171265 ]",0.23661303520202637
65,1,0.026470588235294117,whitenoise,4,[45.  2. 73. 30.],[42.845478  -2.1301413 71.47786   28.330276 ],[55.70385   5.858245 89.55297  38.464653],"[  0.49736404 -15.112406    -8.84516    -28.417019     0.07954979
  -6.8445997   -2.022478   -19.131172    -4.631734    -1.1689997 ]","[ 14.851202     3.2675705    0.98701286 -11.153864    10.513652
   1.6394243   16.564058    -0.09331322  13.916392     7.366781  ]",0.2124481201171875
66,1,0.027450980392156862,whitenoise,8,[29. 26. 57. 54.],[23.906588 23.879555 51.776333 52.132217],[40.097645 38.768967 73.9819   73.48761 ],"[-14.11545  -22.888317  -8.601593 -16.766418  -8.950723  -2.182888
 -15.088336 -21.08091   -8.697727  -3.403267]","[12.003305   2.928566   5.0155563  7.5463753  7.209518  13.011363
 13.8597355  6.403528  19.617168  10.1157675]",0.22475814819335938
67,1,0.028431372549019607,whitenoise,2,[45. 21. 73. 49.],[39.177326 17.187252 67.053116 45.171974],[58.73504  31.584696 93.96287  67.19429 ],"[-12.318564  -24.738806   -3.0190892 -11.046719   -9.835724   -4.7961807
 -19.795162  -19.685759  -12.355724   -5.929521 ]","[11.199365   1.1686764  9.700575  12.680128   4.718065   9.699902
  6.7307854  8.739624  15.089226   8.050203 ]",0.25064802169799805
68,1,0.029411764705882353,whitenoise,0,[13. 26. 41. 54.],[ 5.038384 20.297928 34.367416 49.251976],[30.072964 42.5203   69.58793  84.25997 ],"[ -4.7535744 -23.881521  -19.760883  -37.80525    -8.723259  -15.372236
 -19.6734    -21.949192  -19.636335   -3.6684542]","[27.69239    13.630764    7.5140686  -0.77695656 17.480213    7.004174
 19.501553   17.15676    18.971445   16.457533  ]",0.25081801414489746
69,1,0.030392156862745098,whitenoise,1,[ 7. 34. 35. 62.],[ 2.9564693 30.953949  31.890722  59.330933 ],[14.974361 40.94267  47.40627  73.95746 ],"[ -8.008171    -0.5577755  -13.745201   -24.589886     0.10946751
 -10.404563   -12.996162    -7.165209   -17.078995    -1.8678818 ]","[ 9.240847   23.387342    0.18443012 -4.675454   12.703163    0.44054794
  7.434785   13.828123    4.967787    8.985356  ]",0.22032904624938965
70,1,0.03137254901960784,whitenoise,9,[50. 61. 78. 89.],[46.306526 56.275597 73.50918  84.35889 ],[ 62.829327  78.057106  99.494125 114.538055],"[ -7.535265  -19.476347   -9.684029  -21.681509   -3.96179   -16.719625
 -20.19157    -6.381034  -15.082018    1.1173859]","[12.61113     5.4027157   1.6758165  -1.0481005  12.429558   -0.47487545
  1.2425079  12.988577    7.921035   15.198265  ]",0.20482110977172852
71,1,0.03235294117647059,whitenoise,6,[56. 55. 84. 83.],[51.189865 49.47824  76.73906  74.85686 ],[ 83.61995   82.83234  126.58699  125.772156],"[ -3.5037022 -25.770111   -9.633614  -40.36637    -5.1384754 -20.606812
 -10.021236  -25.312752  -22.525387  -14.394544 ]","[28.324696  13.697655  10.254141  -7.2369823 18.70744    3.966896
 29.175146  12.1908245 16.639729   9.377813 ]",0.23404288291931152
72,1,0.03333333333333333,whitenoise,3,[22. 13. 50. 41.],[14.568597   5.4846044 42.20072   33.86703  ],[40.362427 28.061117 81.868706 69.34332 ],"[-22.89481   -27.36538    -8.05392   -15.895205  -14.6795845  -8.4303
 -34.082382  -23.345568  -27.16836   -10.427557 ]","[14.484642  13.202919  14.055113  21.99032   12.1162195 16.003918
 11.459593  22.458017  19.287157  10.095718 ]",0.21176600456237793
73,1,0.03431372549019608,whitenoise,8,[13. 37. 41. 65.],[ 7.504151 32.338524 36.059814 60.36252 ],[27.069368 53.856518 65.298965 93.992836],"[-11.070009  -31.56761   -11.239075  -22.472103  -13.951923   -7.073919
 -16.736801  -30.347567   -6.601597   -5.3964567]","[17.645927  -1.5388336  9.308367  12.008487   7.1654863 12.017145
 19.60357    2.8508625 26.281673  13.326897 ]",0.21740102767944336
74,1,0.03529411764705882,whitenoise,2,[23. 24. 51. 52.],[15.300496 17.239367 43.627308 44.88387 ],[40.716423 40.540794 76.961    78.01792 ],"[-19.93957  -21.362026 -11.979203 -24.451233 -12.080115  -9.885365
 -27.579016 -23.508364 -23.019413  -9.232621]","[15.785152 18.799704 13.675538 13.460353 14.067885 13.538371 19.238564
 19.78277  19.539782 11.219826]",0.21094918251037598
75,1,0.03627450980392157,whitenoise,3,[33. 15. 61. 43.],[26.893105  9.78104  54.567383 38.172913],[52.7013   30.79302  92.472916 70.45178 ],"[-21.485323  -29.143227   -5.1783457 -10.8365345 -15.317396   -6.7962527
 -31.51587   -22.746065  -18.727179   -6.497304 ]","[13.368058   4.467209  11.983498  22.494606   7.6818647 13.133362
  8.52404   17.430626  21.95003   11.128173 ]",0.21023797988891602
76,1,0.03725490196078431,whitenoise,0,[27. 15. 55. 43.],[17.039104  5.538365 45.385246 33.92272 ],[52.900955 34.855206 95.533875 77.4405  ],"[-12.265423 -33.784477 -16.098358 -39.458275 -16.87188  -19.709625
 -27.849916 -36.415825 -27.719667 -12.234133]","[34.869293 19.543482 13.786829  6.968643 19.705067 13.832642 32.450546
 22.512093 30.358013 17.069681]",0.22454500198364258
77,1,0.03823529411764706,whitenoise,7,[22.  9. 50. 37.],[16.018915   2.6636086 43.74112   30.81014  ],[35.15556  20.389984 70.09867  55.22054 ],"[-16.311556  -16.59681   -11.091608  -16.512032   -7.7555876 -10.179773
 -29.671827  -10.735632  -24.42717    -4.022852 ]","[10.683896  15.556942   7.9320593  8.561556  11.175798   7.9547114
  1.1224556 23.876278  10.297455  11.985445 ]",0.21982264518737793
78,2,0.000980392156862745,whitenoise,5,[45. 19. 73. 47.],[44.254677 18.05483  72.722084 46.336487],[44.36844  18.132576 72.893326 46.464764],"[ -1.6244259  -11.684647     0.8178474   -5.5494657   -0.827934
   7.001873    -1.1218348   -6.231186     0.29701328  -0.49903107]","[ -1.4550099  -11.517996     0.90206456  -5.361977    -0.7258775
   7.077561    -0.9245738   -6.049221     0.45297182  -0.42864993]",0.2229900360107422
79,2,0.00196078431372549,whitenoise,4,[53. 15. 81. 43.],[51.36514  14.754522 77.94962  41.48047 ],[51.516144 14.831608 78.153275 41.595505],"[ -1.9408846   5.386963   -3.1977775 -10.909603    5.8153086  -0.4560051
  -2.1331508   1.719384   -5.4549427   0.7401962]","[ -1.6974487    5.65359     -3.074964   -10.658229     5.9897194
  -0.35292053  -1.9030228    1.9394271   -5.2327995    0.8356962 ]",0.20944595336914062
80,2,0.0029411764705882353,whitenoise,5,[ 7. 27. 35. 55.],[ 6.945045 27.454084 34.747036 54.95974 ],[ 7.133709 27.713226 35.043106 55.348576],"[-5.4300117  -8.802644    1.0948795   1.9254313  -2.132526    3.2478635
 -7.9641294  -2.7223942  -0.19957972  1.3945906 ]","[-4.831248   -8.023236    1.4562776   2.5611472  -1.7012293   3.639507
 -7.2170625  -1.921565    0.57089436  1.7487435 ]",0.20532608032226562
81,2,0.00392156862745098,whitenoise,1,[ 9. 26. 37. 54.],[ 9.238024 26.310295 37.10803  53.93138 ],[ 9.603311 26.61675  37.56524  54.366566],"[ -0.02966022  10.45298     -7.623124   -16.980854     6.8354707
  -1.925858     0.63341117   2.104701    -8.085673     2.2797422 ]","[  0.567132   11.175042   -7.2299376 -16.416628    7.202423   -1.5842404
   1.1338336   2.7016468  -7.4801655   2.5770779]",0.20734000205993652
82,2,0.004901960784313725,whitenoise,4,[13. 60. 41. 88.],[12.878327 59.08257  39.73972  86.09616 ],[13.63806  60.04474  40.839024 87.41839 ],"[-2.291315   -0.24467468 -1.7607353  -8.000566    7.777012   -4.2421346
 -6.1699147   0.65351677 -8.603776    0.05563211]","[-1.3123641   0.9107723  -1.02959    -6.836278    8.703253   -3.5229063
 -5.055459    1.6820886  -7.4596105   0.60911906]",0.23078131675720215
83,2,0.0058823529411764705,whitenoise,4,[24. 48. 52. 76.],[23.171896 51.90737  52.317158 81.3293  ],[24.719028 53.843056 54.581066 84.12268 ],"[  2.8482342  -1.590396   -2.3291879 -17.773428    9.138025   -3.6644564
   2.9594135  -6.6131105  -4.9083347   0.9070339]","[  5.4129167   1.5500851  -0.5116091 -14.925037   11.141279   -1.9502835
   5.915025   -3.243823   -1.4585228   2.72715  ]",0.21732473373413086
84,2,0.006862745098039216,whitenoise,9,[26. 36. 54. 64.],[26.077477 35.63021  53.56992  63.173145],[27.022379 36.447437 54.803497 64.294685],"[-1.612298  -3.3164449 -2.3951795 -6.670844   0.7601919 -3.06004
 -9.581657   2.36377   -3.0805283  6.201316 ]","[ 0.17966413 -1.3419342  -1.4026072  -4.766081    1.7783909  -2.0629206
 -7.613301    4.420006   -1.0328913   7.0777225 ]",0.21453094482421875
85,2,0.00784313725490196,whitenoise,8,[34. 27. 62. 55.],[34.550922 26.90192  62.539967 55.51333 ],[35.98637  28.547565 64.75403  57.89272 ],"[  0.36939812 -12.93392     -0.8948784   -5.5186243   -4.1197605
  -0.6430137   -0.92057323 -12.282121     7.9773307    3.6957006 ]","[ 3.2111588 -9.80882    0.516814  -2.631169  -2.384093   1.1371098
  2.4706879 -8.932003  11.453642   5.1683545]",0.21423912048339844
86,2,0.008823529411764706,whitenoise,7,[31.  7. 59. 35.],[30.572685  6.258161 58.533726 34.249672],[32.607212  7.61436  61.061695 36.04124 ],"[ -3.569603    -0.32008886  -1.0645183   -3.592834    -1.4631038
  -3.742266   -20.308815     9.978723   -10.297583     4.5256886 ]","[ -0.9848094    3.5399914    0.6543336   -0.9557847    0.40649366
  -1.8521726  -17.39548     13.584017    -6.6638117    6.275169  ]",0.21302509307861328
87,2,0.00980392156862745,whitenoise,5,[23. 26. 51. 54.],[23.964592 26.531406 51.64307  54.108997],[25.587578 27.94786  53.817566 56.051758],"[-8.234432   -3.335262   -0.46204853 -3.532195   -1.8508368   5.378885
 -8.060573   -0.66629386 -2.7991652   1.3286042 ]","[-5.2173414  -0.41425896  1.3319788  -0.18504953  0.29158843  6.9385576
 -4.2202487   2.822452    0.43339348  2.7617922 ]",0.20215201377868652
88,2,0.010784313725490196,whitenoise,5,[14.  4. 42. 32.],[11.871233  3.206401 39.64331  31.22506 ],[14.57847   5.056602 43.083103 33.780983],"[-1.7625065  -8.956198   -2.6772099  -6.037903   -2.140838    3.9214764
 -2.900669   -7.746482   -1.3808308  -0.16563845]","[ 1.9830039 -4.742111  -0.4127512 -1.9702759  0.6313578  6.214023
  1.4781036 -3.3257427  3.4088752  1.8583654]",0.20650005340576172
89,2,0.011764705882352941,whitenoise,1,[46. 44. 74. 72.],[44.13524  43.058887 71.79306  70.71433 ],[46.43896  45.136627 75.3639   74.054634],"[ -3.872631   10.0174     -5.313798  -17.043806    3.7072902  -5.375182
  -2.225027   -2.3983364 -10.422386   -0.4526062]","[ -0.25054193  14.743036    -2.833468   -13.1534605    6.2132387
  -3.1939888    2.101801     2.3629036   -5.7136126    1.8274028 ]",0.20077109336853027
90,2,0.012745098039215686,whitenoise,3,[31. 46. 59. 74.],[29.67392  43.794956 57.47171  71.786736],[33.07162  47.67476  62.850452 77.644424],"[ -8.113742  -14.996455    4.4702497   7.483144   -6.015902    0.9853718
 -20.378407    2.096218   -7.9760695   2.3641453]","[ -2.3749511  -8.836142    7.283467   13.102087   -2.608904    4.2688475
 -13.965456    8.878897   -1.2603388   5.2653027]",0.21091771125793457
91,2,0.013725490196078431,whitenoise,7,[ 5. 58. 33. 86.],[ 3.3230648 55.10833   30.72803   82.56142  ],[ 6.721821 60.882767 35.500572 90.79827 ],"[ -3.8649492 -10.318886   -1.5530148  -3.5982065  -4.4693084  -4.312471
 -17.383404    4.999175   -6.9225497   2.6908135]","[  1.565244    -3.7138176    2.9709644    2.3104844   -0.6917746
   0.37497616 -11.043145    10.6812725   -1.467958     6.07554   ]",0.20616912841796875
92,2,0.014705882352941176,whitenoise,8,[35. 46. 63. 74.],[34.38508  44.870956 62.144505 73.012054],[40.388336 51.606503 71.61418  83.34117 ],"[  2.9990883  -21.40789     -0.07848692  -8.295647    -6.813825
  -2.9171515   -2.241457   -19.40742      5.8197536    1.120914  ]","[ 11.138801   -12.613907     4.7702837   -0.77139616  -1.3408008
   2.348486     8.519715    -8.370153    15.889        6.359338  ]",0.21325898170471191
93,2,0.01568627450980392,whitenoise,7,[12. 21. 40. 49.],[10.726376 18.16433  39.056793 46.400955],[18.172077 24.424387 48.248116 54.92388 ],"[ -3.5925274  -8.85723    -5.578186  -10.621408   -2.720522   -6.854152
 -17.059444   -2.1621132  -9.307006    3.0233545]","[ 5.7779794   3.0965786   2.158307   -0.12670231  4.9723167   0.03971672
 -5.105283   10.079197    2.6938963   8.893117  ]",0.21296000480651855
94,2,0.016666666666666666,whitenoise,9,[46. 38. 74. 66.],[42.71106 35.83965 70.79094 63.37483],[50.42755  41.516846 81.38952  72.54292 ],"[ -3.6847572 -13.360103   -5.6500626  -9.968642   -5.11498    -4.507242
 -15.912067   -4.338085   -4.259037    4.456606 ]","[ 5.989819   -2.6703358   1.1876144  -0.21596909  1.4159656   2.1935616
 -5.391302    7.4031935   7.0800247  11.016164  ]",0.20795917510986328
95,2,0.01764705882352941,whitenoise,1,[19. 50. 47. 78.],[17.744938 48.65479  45.51963  76.399734],[21.453789 53.29048  51.543118 83.68226 ],"[  1.0547714   4.9633904  -9.474549  -23.034328    2.9234395  -6.490401
  -5.2853413  -1.6787081 -12.014651   -0.707448 ]","[  7.8646936  14.077173   -4.4398565 -15.9261055   7.005431   -2.3313012
   1.4952211   6.4982433  -3.1882496   3.5158424]",0.20282816886901855
96,2,0.018627450980392157,whitenoise,6,[16. 12. 44. 40.],[14.202677  11.0171385 42.016346  38.637863 ],[20.832058 15.637765 50.315147 45.391716],"[ -1.6586943  -11.017798    -2.089983   -13.269942     0.09861088
  -3.37962      0.10357475 -14.900524    -2.392496    -2.1300848 ]","[ 6.669179  -1.4062881  3.3547745 -3.9110503  6.0349975  2.0646405
 11.238616  -4.4587746  8.219318   3.1286602]",0.20850396156311035
97,2,0.0196078431372549,whitenoise,9,[28. 29. 56. 57.],[25.901327 25.806606 53.799744 54.222008],[34.11007  34.03989  65.28781  65.130424],"[ -4.1415863 -14.197914   -5.5093064 -16.306297   -2.5581846  -9.071293
 -14.259126   -9.027147   -9.022346    2.081544 ]","[10.631317   1.2611904  3.9400644 -2.1165447  7.0409446  1.3662968
  3.9997635  9.264484   8.5952    10.296585 ]",0.2104811668395996
98,2,0.020588235294117647,whitenoise,7,[ 8. 30. 36. 58.],[ 6.860136 27.005547 35.09259  55.310013],[11.545344 33.614513 41.885193 64.58344 ],"[ -7.665044   -7.1052647  -5.448959   -8.140711   -2.2166471  -5.664059
 -19.222656    4.3826313 -11.574008    2.7134628]","[ 0.96471596  3.8240929   1.0688744   1.1001453   3.7851765   0.6033592
 -9.867605   15.349569   -0.109272    8.511707  ]",0.19995498657226562
99,2,0.021568627450980392,whitenoise,1,[38. 30. 66. 58.],[37.0277   27.96745  64.75769  55.857307],[42.53161  33.860943 72.75979  64.54545 ],"[ -4.4007206   2.3310003 -10.485639  -20.784533    2.633131   -7.7954073
  -9.623116   -2.2552433 -13.179625    1.1369634]","[  6.228996   14.703596   -4.193016  -10.50023     9.655384   -1.5378761
   1.78228    10.305977    0.3348961   6.588525 ]",0.21204495429992676
100,2,0.022549019607843137,whitenoise,9,[57. 25. 85. 53.],[51.7146   22.816021 77.925064 49.167408],[64.29908  29.056704 96.279854 60.8777  ],"[ -7.109764  -12.72073    -4.270524  -15.109708   -2.935567   -4.936898
 -14.202315   -7.030739   -9.302195   -1.8885756]","[ 7.025508   2.094675   3.4940562 -1.822195   6.2019687  3.9044046
  2.7021122  8.4104595  6.8424664  7.4041424]",0.2006819248199463
101,2,0.023529411764705882,whitenoise,5,[19.  1. 47. 29.],[16.731447   -0.70328486 43.21309    26.249325  ],[25.839708  7.339226 57.498966 39.43087 ],"[ -9.976337  -15.21253    -4.437579   -8.884686   -6.8729944   0.7353797
 -14.152861  -11.189383   -8.176692   -1.7652388]","[3.638155   0.28159714 4.586709   5.9239817  1.7451515  8.973106
 2.1031313  5.086611   8.2591715  4.850624  ]",0.2183239459991455
102,2,0.024509803921568627,whitenoise,0,[55.  0. 83. 28.],[52.76344   -3.2386422 80.144806  25.734215 ],[ 69.40844    4.807972 105.60599   39.24595 ],"[  0.8340473 -15.090195   -4.8758793 -23.930565   -2.7847939  -9.26873
  -4.9814644 -15.916084   -6.346813   -3.328145 ]","[17.361877   1.5489235  5.152168  -5.696315   7.2750673  1.2095013
 13.641247   2.5889492 11.157315   5.709722 ]",0.21741104125976562
103,2,0.025490196078431372,whitenoise,2,[14. 20. 42. 48.],[ 8.65184  15.703737 37.566486 44.186317],[20.419373 27.374315 52.950314 60.76242 ],"[ -9.745511  -15.000208   -2.7821703  -9.51655    -7.552767   -4.9186907
 -18.399715   -9.403878  -14.891548   -5.3876367]","[ 7.795066   4.8517094  9.698211   8.778244   5.783507   6.4174747
  1.922739  10.41426    7.055909   5.3858356]",0.2070159912109375
104,2,0.026470588235294117,whitenoise,0,[22. 61. 50. 89.],[16.417791 54.148552 42.79476  81.21266 ],[ 35.68375  78.18744  71.36052 114.82515],"[ -0.25255585 -22.690163    -8.321913   -26.116165    -8.059805
 -13.990375    -9.670376   -18.850006    -9.067209    -5.600337  ]","[23.540766    4.038431    7.7214537  -0.06518936 12.0563545   5.6770353
 17.607758    4.639353   15.43105    10.412987  ]",0.22017192840576172
105,2,0.027450980392156862,whitenoise,7,[32.  4. 60. 32.],[27.867317   -0.37132382 56.597076   28.985706  ],[43.00284  11.680085 78.48248  45.671055],"[ -5.1121883 -13.4338665 -11.42682   -26.888863   -3.379218  -10.795134
 -24.293385   -5.645916  -22.36039    -0.64606  ]","[15.7118845  12.293961    2.7120628  -2.1287642  12.766214    2.100644
  0.44328308 22.494316    6.1261387  11.522515  ]",0.22626304626464844
106,2,0.028431372549019607,whitenoise,4,[59. 37. 87. 65.],[57.01364  35.632133 84.13139  62.25953 ],[ 76.406364  48.070347 113.726654  85.40585 ],"[ -8.290796   -11.247539   -10.137604   -23.690971    -0.31338787
 -10.764958   -18.035194    -7.731241   -18.086891    -3.6269302 ]","[12.226921  11.279245   1.532855  -3.193634  12.983486   3.8148956
  5.4421043 15.216602   4.731579   9.940279 ]",0.22697210311889648
107,2,0.029411764705882353,whitenoise,6,[45. 54. 73. 82.],[38.17202  45.666668 63.841587 71.27661 ],[ 54.78874   66.98356   90.731926 102.737946],"[ -7.488714  -16.455414   -8.364179  -27.304659   -8.555505   -9.747207
  -7.6909294 -25.431593  -15.374018   -9.776386 ]","[15.559991  14.035368   6.8685555 -3.8925285 10.39682    6.4700823
 21.50228    5.953142  16.134037   6.825536 ]",0.25591087341308594
108,2,0.030392156862745098,whitenoise,2,[37. 35. 65. 63.],[33.616776 30.904562 61.757435 59.45054 ],[51.242558 47.268745 88.00788  84.3425  ],"[-12.206654  -23.40292    -5.1210155 -17.773327   -9.63906    -7.545974
 -17.177727  -22.262331  -15.8045635  -8.756614 ]","[14.154359   5.6434917 11.85536    8.8687725  8.325495   9.265704
 14.757938   9.621571  15.778872   7.8388624]",0.2277240753173828
109,2,0.03137254901960784,whitenoise,2,[52. 38. 80. 66.],[44.12461  31.977257 70.02506  58.36451 ],[ 68.68359   49.119965 106.52137   87.789406],"[-21.520926  -23.740965   -6.6481934 -15.9454    -10.659162   -5.1158075
 -32.16943   -12.160095  -23.096338   -8.533469 ]","[ 6.324011   7.7586365 12.270145  15.436351   9.71316   10.860086
  3.0833225 21.572117   8.960619  10.278549 ]",0.24731755256652832
110,2,0.03235294117647059,whitenoise,0,[14. 23. 42. 51.],[ 7.4853773 17.594547  37.210884  47.422905 ],[30.727997 37.448513 69.543686 78.23535 ],"[ -8.242395 -26.011625 -11.46725  -27.798676  -8.505217 -11.03853
 -16.68132  -25.062756 -14.932686  -6.008047]","[22.68124    7.314417   9.283252   4.493683  13.41876    7.1907244
 19.941545  11.059223  21.6072    13.136933 ]",0.2206711769104004
111,2,0.03333333333333333,whitenoise,6,[27. 11. 55. 39.],[19.36715   5.877161 47.41545  34.321915],[45.179886 25.979515 85.10934  65.37059 ],"[ -8.231125 -27.608614 -10.803789 -30.20951  -12.498221 -11.48432
 -12.668131 -34.779495 -12.035742  -8.507077]","[24.296673   9.436943   8.483287   0.7392273 11.524198  11.099292
 28.92173    6.364498  27.630215  11.579337 ]",0.21240520477294922
112,2,0.03431372549019608,whitenoise,4,[52.  7. 80. 35.],[49.143227 -0.653378 75.82032  28.526237],[ 73.56436   13.613102 113.75281   50.731514],"[ -9.094471   -18.17952    -11.343185   -31.207106    -0.85790825
 -10.951479   -14.325712   -21.09312    -21.061424    -8.398129  ]","[18.658459  13.843433   6.16858   -2.2530727 18.524471   4.9624786
 21.871468  15.466337  13.016682   8.91304  ]",0.23135089874267578
113,2,0.03529411764705882,whitenoise,8,[39. 40. 67. 68.],[31.321907 32.694588 58.86428  59.770042],[57.73236  57.124203 97.03091  97.70063 ],"[-13.779831 -33.316044 -11.010231 -22.038137 -12.908588 -11.240373
 -23.96498  -28.846022 -15.217924  -4.872447]","[20.316814  3.844139 10.562088 11.620255  9.03372  11.459101 18.372925
 15.183359 26.521793 16.190886]",0.20906996726989746
114,2,0.03627450980392157,whitenoise,7,[45. 19. 73. 47.],[38.050407 12.592756 65.32099  39.52375 ],[ 66.18996   35.773003 104.11689   74.383064],"[-19.627686 -22.35655   -8.6893   -22.268953 -13.002425 -12.369412
 -30.851116 -16.658789 -26.174068  -8.122659]","[15.881937 17.165379 12.722058 15.615341 12.28538  11.377954  9.421856
 25.870064 15.526859 12.977976]",0.21848702430725098
115,2,0.03725490196078431,whitenoise,7,[50. 54. 78. 82.],[43.852196 46.661682 69.51083  72.5221  ],[ 64.64603   69.82505  101.707245 106.957184],"[-13.684355  -18.194725   -9.27489   -25.582178   -7.5541267 -11.858406
 -25.769535   -6.786068  -23.735888   -5.1587543]","[13.086455  12.806841   6.009572   1.8323593 11.4252825  4.949441
  2.68853   21.593163   6.725834  11.468586 ]",0.22208523750305176
116,2,0.03823529411764706,whitenoise,5,[ 5. 34. 33. 62.],[-1.8027382 26.256277  26.497622  55.044334 ],[20.047417 51.291508 59.562298 92.00545 ],"[-20.639126  -27.988876  -15.132558  -19.39216   -14.265509   -2.3444872
 -23.800165  -24.439365  -16.347109   -6.911482 ]","[11.152751   7.378813   7.1376915 16.793068   6.3653116 17.930943
 15.79121   12.570726  18.844631  11.111298 ]",0.2256917953491211
117,3,0.000980392156862745,whitenoise,9,[53. 48. 81. 76.],[51.588615 47.94275  79.51467  75.591225],[51.684746 48.031944 79.654884 75.722275],"[ -1.6168985  -5.1072083  -2.9653583  -7.0950484   0.8074336  -2.774723
 -10.290289    1.6512737  -1.8660707   6.288829 ]","[ -1.4673104  -4.943224   -2.8838537  -6.9290056   0.9125204  -2.6857302
 -10.117594    1.8116219  -1.7158265   6.3677225]",0.216217041015625
118,3,0.00196078431372549,whitenoise,0,[21. 55. 49. 83.],[22.77896  58.842567 50.84958  88.215576],[22.989468 59.167583 51.17229  88.71292 ],"[ 14.823997  -14.509224    1.1821681 -12.873587    1.7914138  -2.8133693
   5.724153   -8.557012    3.7440567   2.2699583]","[ 15.216305  -14.1250515   1.3727026 -12.425076    2.094117   -2.563519
   6.1717844  -8.159079    4.1465755   2.4867828]",0.20896005630493164
119,3,0.0029411764705882353,whitenoise,1,[37. 34. 65. 62.],[37.66026  35.53267  66.102295 64.22329 ],[38.178642 36.017838 66.84873  64.955894],"[-2.952836    5.323646   -3.0602775  -9.990458    1.0261774  -3.389741
 -4.085413   -0.74599457 -2.9888      3.0157332 ]","[-1.8537617  6.817566  -2.3528237 -8.662451   2.0762794 -2.7417016
 -2.8556976  0.6559973 -1.2830839  3.6810274]",0.20647311210632324
120,3,0.00392156862745098,whitenoise,7,[57. 43. 85. 71.],[60.263496 44.60065  89.039    73.59063 ],[61.112934 45.193176 90.23976  74.519   ],"[  0.21348286  -8.736239    -2.3224225   -6.4464912   -1.3686521
  -2.079629   -13.661713     5.023733    -3.36618      6.2343493 ]","[  1.0901275   -7.7958717   -1.8180344   -5.5457797   -0.69682693
  -1.5114193  -12.687029     5.963143    -2.4213195    6.7160687 ]",0.2226250171661377
121,3,0.004901960784313725,whitenoise,2,[39. 32. 67. 60.],[37.944103 31.72496  66.660675 60.35575 ],[38.74103  32.509922 67.592224 61.416542],"[  1.0202389   -1.7540207   -2.069602   -14.386394     5.186617
  -2.5822637    1.5990562   -3.3615682   -4.7091227    0.62626815]","[  2.1332896   -0.48332405  -1.313909   -13.000914     6.2548456
  -1.8067486    2.8571475   -2.1800804   -3.2946923    1.2599635 ]",0.20522809028625488
122,3,0.0058823529411764705,whitenoise,7,[35. 41. 63. 69.],[34.477345 40.29288  61.824512 67.866104],[35.542473 41.182953 63.145355 69.12295 ],"[ -6.295845   -4.2849474   0.7892151   1.4449477  -0.7597699   0.7228291
 -14.555164    5.7475734  -7.4215107   2.9288   ]","[ -4.9249997   -2.3082714    1.5832975    2.7360368    0.14187497
   1.5940182  -13.025846     7.5356865   -5.6251373    3.7810497 ]",0.21340727806091309
123,3,0.006862745098039216,whitenoise,7,[42.  8. 70. 36.],[41.26349   9.078398 68.06832  35.766304],[42.40255   9.720348 69.55559  36.80813 ],"[ -5.380452    -1.4471855   -0.26156825  -1.1754723   -0.38320303
  -1.2858961  -14.469428     7.1072464   -7.087968     3.9977489 ]","[ -3.8775518    0.3697338    0.3519957    0.18380243   0.66948235
  -0.32439804 -13.019528     8.946236    -5.15588      4.862274  ]",0.22001218795776367
124,3,0.00784313725490196,whitenoise,7,[61. 29. 89. 57.],[62.02365  27.618603 90.311775 56.05252 ],[67.89664 30.26875 98.81806 61.13576],"[ -3.3967152  -9.869017   -3.1078196  -9.579777   -0.3414364  -3.5558686
 -17.339079    3.5534859  -5.930769    5.2763176]","[  1.8636103   -4.8228664   -0.15100098  -4.8637943    3.422422
  -0.43708992 -10.223715    10.52356      0.16983032   8.996272  ]",0.21745014190673828
125,3,0.008823529411764706,whitenoise,2,[29. 22. 57. 50.],[27.31369  20.33087  55.313126 48.42608 ],[29.397505 22.378109 58.13391  51.295593],"[  0.5351505 -11.968487    2.3041766  -3.1334043  -2.557714   -2.0973608
  -9.992659   -3.5607529  -3.9395905   1.2854221]","[ 5.1997275  -6.777322    5.1580515   0.86996555  0.48636746  0.881268
 -3.8254118   2.2647552   1.6224155   4.06441   ]",0.21455693244934082
126,3,0.00980392156862745,whitenoise,4,[ 1. 32. 29. 60.],[-0.6113305 30.94517   27.33096   58.703236 ],[ 1.312788 33.201103 29.631916 61.8771  ],"[-2.5309305  -2.9648232  -4.437678   -7.8372326   5.7080345  -3.086934
 -6.9698434  -0.56644106 -5.654358    2.3074841 ]","[ 0.45947886  0.7974644  -2.348765   -4.8064137   7.9162035  -1.3968205
 -3.9714112   2.8455763  -2.2293062   4.174167  ]",0.20544672012329102
127,3,0.010784313725490196,whitenoise,5,[39.  9. 67. 37.],[38.15175   8.256544 65.645546 36.04125 ],[42.01789  10.318698 70.85428  39.025455],"[ -1.1948433  -12.343315     1.0258107   -5.3157234   -1.8889189
   0.712039    -6.0437202   -8.50441     -3.239233    -0.62984467]","[ 3.983182  -6.494507   3.1958914 -0.2777686  1.6460786  3.4413757
 -0.5524616 -2.166768   3.4798522  2.3085973]",0.20378422737121582
128,3,0.011764705882352941,whitenoise,4,[ 1.  0. 29. 28.],[ 1.1081525  2.0695157 25.546406  26.791267 ],[ 4.0494285  4.623696  30.412334  31.086573 ],"[-3.0525804  -8.76232    -2.3621597  -7.2905693   1.4535728  -0.48438668
 -1.4194336  -6.7979145  -1.9464226   2.153139  ]","[ 0.06757253 -4.18853    -0.18167543 -3.5091739   4.0288596   1.6987836
  2.1609805  -2.4968653   1.9296005   4.106093  ]",0.2204911708831787
129,3,0.012745098039215686,whitenoise,8,[ 3. 41. 31. 69.],[ 2.847514 40.069748 31.362858 69.01506 ],[ 5.7710266 44.790695  36.55761   76.75746  ],"[  3.486742   -24.434095    -1.6868296   -4.4662037   -6.618638
   1.6107471   -0.10087872 -17.55062      7.807601     2.5547423 ]","[  8.565411  -18.666374    2.3273258   1.0817771  -3.1470752   5.5375547
   6.830523  -10.862112   13.268272    6.110865 ]",0.2099318504333496
130,3,0.013725490196078431,whitenoise,5,[17. 11. 45. 39.],[16.484947  8.958825 44.397575 36.859493],[20.293829 12.591294 50.112667 42.633755],"[ -8.63377   -10.05657    -0.9560492  -3.244318   -4.7552814   4.291384
 -12.533074   -4.7127786  -5.5578136  -1.791579 ]","[-1.9322762 -3.5023403  2.9243813  3.6808567 -0.9539528  7.8957605
 -4.260912   3.0707521  2.4167156  1.6257544]",0.20534276962280273
131,3,0.014705882352941176,whitenoise,7,[49. 36. 77. 64.],[46.24843  34.240753 74.42473  62.180027],[53.29211  39.739937 85.05212  71.492455],"[ -4.6213264  -6.6071343  -6.637414  -13.813123   -2.0114594  -7.138457
 -20.78546     4.271101  -13.672752    3.8504505]","[  4.8305397    4.773134     0.12085915  -4.025116     5.441145
  -1.3038473  -10.515014    15.563574    -1.4983711    9.91096   ]",0.2158219814300537
132,3,0.01568627450980392,whitenoise,4,[28. 15. 56. 43.],[24.405478 12.825146 53.108467 41.41765 ],[30.30822  18.591671 61.849663 49.978504],"[ -2.0167484  -5.5152273  -6.4154944 -16.62173     4.4548016  -7.4489713
  -9.739544   -8.801569  -12.173013   -0.5285106]","[ 9.87801     8.345694    1.2408552  -6.5684443  11.858734    0.02652836
  4.1882772   6.8513775   2.4484005   5.5545206 ]",0.20803189277648926
133,3,0.016666666666666666,whitenoise,7,[32. 53. 60. 81.],[30.72343  52.070038 57.456596 78.8792  ],[34.989006 58.557354 64.61652  88.32743 ],"[ -6.4655285  -7.0334826  -1.9726162  -4.68289    -3.0360813  -1.7821546
 -18.585222    6.19007   -14.065753    1.7394228]","[  1.7608995   2.32963     2.1310081   2.5822716   2.2908244   2.3601747
 -10.180711   15.675892   -4.433613    6.2362475]",0.2062232494354248
134,3,0.01764705882352941,whitenoise,6,[59. 41. 87. 69.],[59.227448 41.45234  87.25273  69.20539 ],[ 70.49977   49.290886 104.492455  82.881516],"[  4.125353   -14.100183    -0.6817045  -22.097803    -0.44677353
  -6.887727    -1.4973011  -11.590685    -9.112162    -6.8407917 ]","[ 16.413183   -0.7942505   5.6090655 -10.715018    7.765706    0.8829546
  12.504906    1.6079788   4.339426    0.8386116]",0.20525908470153809
135,3,0.018627450980392157,whitenoise,1,[46. 28. 74. 56.],[43.988026 27.534063 72.44685  55.820473],[47.133385 30.01721  77.03554  60.093597],"[-6.98013306e-02  8.48416901e+00 -8.56229687e+00 -2.24558640e+01
  6.36586952e+00 -6.12087345e+00 -3.26849937e+00 -9.22584534e-03
 -1.16359377e+01 -1.20013714e-01]","[  5.257922   14.650257   -5.1739664 -17.33486     9.705235   -3.1927326
   2.2984047   6.278838   -5.024976    2.7718902]",0.20010900497436523
136,3,0.0196078431372549,whitenoise,5,[39. 47. 67. 75.],[35.998432 43.08318  63.586716 70.91525 ],[44.457882 52.075695 76.26833  84.32728 ],"[ -9.060677  -15.55772    -1.5781317  -6.279851   -7.860159    1.1107798
 -12.507651  -10.764415   -7.7650385  -2.751902 ]","[ 3.579585   -2.7208729   6.9677114   6.6274652   0.37821913  7.8939266
  2.795189    5.0390244   7.330265    4.942723  ]",0.20029497146606445
137,3,0.020588235294117647,whitenoise,4,[11.  8. 39. 36.],[ 6.728314   6.3286076 34.70934   34.55672  ],[16.919746 14.041166 48.5627   46.292156],"[ -4.326236   -7.729164   -6.3863783 -17.796827    2.7600136  -8.126956
  -6.835292  -10.340242  -14.33888    -2.2173643]","[ 8.368057   8.561731   2.1908007 -4.5582943 12.379082   1.4102821
  7.0436087  6.324977   2.388156   5.1243167]",0.2018587589263916
138,3,0.021568627450980392,whitenoise,6,[ 1. 15. 29. 43.],[-1.3239675 12.375483  26.038668  40.046997 ],[ 7.763929 21.623512 42.143288 56.62211 ],"[ -2.4321632 -17.183952   -6.3712087 -17.636711   -4.5523443  -4.4397774
  -1.1487808 -22.552246   -4.106785   -3.9373665]","[10.458305  -0.7365818  4.6686764 -1.5100832  5.0515356  5.781396
 16.228933  -4.5049    12.482491   4.6444693]",0.2007617950439453
139,3,0.022549019607843137,whitenoise,2,[44.  6. 72. 34.],[40.802216   1.3891017 67.96132   30.018822 ],[54.09388  10.489405 86.961296 42.81027 ],"[-10.014904  -13.90447    -1.2088375 -13.6185465  -6.4839315  -5.0119257
 -17.748703  -10.801903  -15.5298     -5.717689 ]","[ 6.929268   6.440695  10.0224905  6.0345087  7.2216477  5.303384
  5.119999  12.18035    6.731822   5.280018 ]",0.2006511688232422
140,3,0.023529411764705882,whitenoise,7,[ 4. 18. 32. 46.],[-0.5394169 14.557397  27.7206    41.99641  ],[ 9.165485 26.17542  42.009808 59.92661 ],"[ -7.0543413  -10.089842    -5.4435906  -11.934601    -6.5562224
  -8.854859   -16.730612    -2.74549    -14.545673    -0.61740303]","[ 7.608566   9.216223   5.4672422  4.416428   5.077273   2.3746338
 -1.1489134 16.014914   4.280649   8.916616 ]",0.2051982879638672
141,3,0.024509803921568627,whitenoise,1,[15. 59. 43. 87.],[10.942609 54.02852  37.780724 80.6237  ],[19.242695 65.05283  48.986103 95.27618 ],"[ -4.4069786  -1.2267275  -6.5858164 -17.814014   -1.4174166  -8.020074
  -8.714944   -7.2629223 -11.642433   -3.3186178]","[ 4.8628516  13.593639    0.4922948  -6.266284    7.3684363  -0.19869518
  4.6137075   4.9257107   1.7433243   5.257844  ]",0.20654010772705078
142,3,0.025490196078431372,whitenoise,8,[34. 38. 62. 66.],[30.385656 34.806507 58.059578 62.333015],[42.20534 46.33358 74.26702 79.1126 ],"[ -7.5871925  -20.79834     -2.9222336   -9.435215    -8.467428
  -4.2710605  -15.732757   -14.174421    -7.9313965   -0.96040916]","[10.502432  -0.9982414  6.6499767  7.5513144  2.1197395  5.8561954
  3.9287605  6.810279  13.493994   9.09454  ]",0.20879483222961426
143,3,0.026470588235294117,whitenoise,7,[44. 23. 72. 51.],[42.013424 19.82477  69.39548  47.673527],[56.646217 30.227333 89.65216  64.19209 ],"[-17.364252  -12.711868   -3.0598164  -8.7742     -7.029812   -3.3944864
 -25.601906   -1.6992779 -18.064816   -2.2653427]","[ 0.2177782  6.6600075  7.876787  10.322273   6.0807934  7.9891453
 -6.235512  19.213772   2.8009129  7.4294963]",0.2056140899658203
144,3,0.027450980392156862,whitenoise,8,[30. 26. 58. 54.],[25.726833 23.517982 53.436817 52.02825 ],[42.343975 38.83667  77.77161  75.16474 ],"[ -9.425295  -27.550594   -7.3463793 -16.25353   -11.153412   -5.1636286
 -17.099932  -22.179735   -9.712584   -3.0262632]","[16.02375   -1.8014183  7.325813   8.469972   6.2898207 10.706149
 13.345337   8.370035  20.9958    11.208466 ]",0.20408320426940918
145,3,0.028431372549019607,whitenoise,4,[26. 41. 54. 69.],[17.452065 33.4829   46.480747 62.161636],[40.840347 55.943813 78.80522  94.98464 ],"[-10.601715  -19.860832  -15.43144   -34.579067   -2.5064735 -10.62115
 -19.551239  -22.299332  -25.299513   -8.900288 ]","[21.42912   18.522635   6.868911  -0.8190689 19.060108   9.984549
 22.043327  19.358566  12.824369  10.46628  ]",0.2069261074066162
146,3,0.029411764705882353,whitenoise,6,[48. 56. 76. 84.],[42.872463 50.803596 69.40753  77.40906 ],[ 58.73402  69.60921  93.82139 104.59919],"[ -6.688774  -19.775517   -4.456058  -25.1012     -4.9262676  -9.1748905
  -4.9555264 -21.17906   -10.874785  -10.04227  ]","[14.0008545  7.470806   7.1193657 -4.462291  10.316329   5.819956
 19.956795   1.217207  12.687453   4.626012 ]",0.20535922050476074
147,3,0.030392156862745098,whitenoise,0,[ 8. 18. 36. 46.],[ 0.3736701 11.802518  28.259127  39.421158 ],[19.271648 30.35827  56.51997  68.847015],"[ -7.781727 -21.7199   -10.43825  -22.60028   -8.339989 -13.247458
 -16.72126  -17.275473 -18.872025  -4.332012]","[19.41693    9.144392  10.289286   5.675641  11.279132   6.9537277
 11.35327   16.459124  15.846428  11.71204  ]",0.20058798789978027
148,3,0.03137254901960784,whitenoise,8,[44. 47. 72. 75.],[38.289955 40.424625 65.82471  67.83295 ],[ 61.274     63.953728 101.083855 105.106125],"[-15.310023  -32.819435   -9.076666  -17.576561  -12.572361   -3.4153547
 -17.21006   -27.040976   -7.8748627  -6.0569773]","[12.733672  -1.9715004  8.987309   8.799748   5.800619  14.209145
 15.078946   5.290571  24.730024  12.506675 ]",0.20755815505981445
149,3,0.03235294117647059,whitenoise,6,[37. 55. 65. 83.],[31.613796 50.433525 58.79963  77.69779 ],[ 47.974895  71.24317   83.82511  107.14676 ],"[ -6.8204    -14.526847   -9.030746  -28.891954   -3.179247  -11.549941
  -9.891874  -18.34365   -18.431465   -7.8020644]","[16.758322  12.938408   5.9413056 -4.027525  14.645641   4.386591
 18.143452   9.687023   8.758602   7.650899 ]",0.22236108779907227
150,3,0.03333333333333333,whitenoise,4,[40. 49. 68. 77.],[34.182556 42.733894 59.749096 68.481926],[ 52.416008  64.226036  89.14505  100.89431 ],"[ -9.9633465  -16.746685    -9.563876   -29.617725    -0.39369774
  -7.5387383   -8.300383   -22.662014   -22.980656   -12.713591  ]","[16.944275  14.480968   5.722448  -3.5999184 18.528635   8.42399
 23.770962   9.951309   9.348215   4.0737658]",0.21113920211791992
151,3,0.03431372549019608,whitenoise,0,[ 4.  8. 32. 36.],[-6.6085434  -0.91360044 20.869102   26.684143  ],[20.142723 22.625187 65.53495  69.074745],"[-10.636879  -28.059216  -14.833503  -29.130634  -12.258011  -16.084347
 -18.196041  -27.559128  -20.447405   -7.0523453]","[24.354412 11.690132 11.464837  9.711181 14.877889  9.591229 20.58106
 15.524464 22.357285 14.07895 ]",0.2024369239807129
152,3,0.03529411764705882,whitenoise,1,[51. 48. 79. 76.],[45.070908 41.99609  71.957794 68.88754 ],[62.59072  59.292908 99.45311  96.48241 ],"[ -7.282749   -4.3582764 -13.668851  -32.313004   -1.0767736 -15.073574
 -16.01767    -7.1045685 -24.43887    -3.6854153]","[ 14.518009    21.05863      1.083333   -10.578742    13.459571
  -0.96960354   6.9920034   19.640804     3.12632      9.387465  ]",0.2275702953338623
153,3,0.03627450980392157,whitenoise,3,[ 5. 20. 33. 48.],[-0.9614353 15.114648  26.185097  42.47637  ],[19.853657 35.625057 57.182747 74.52256 ],"[-19.023779  -21.028406   -6.395236   -5.88912   -12.302637   -6.3937073
 -25.060658  -13.974959  -17.82047    -6.723962 ]","[ 5.736331   9.957312  13.4048195 19.46802    4.3202295 11.783101
  2.6451168 17.68496   13.029591   9.645069 ]",0.20965290069580078
154,3,0.03725490196078431,whitenoise,8,[56. 59. 84. 87.],[47.820526 50.51967  73.11094  76.781395],[ 82.8547   88.886   125.30487 130.93477],"[-12.925806 -25.19269  -11.374243 -30.071268 -10.982861 -15.571482
 -20.931313 -22.983458 -17.46469  -10.8962  ]","[18.396488 13.771257  8.397327  3.581828 12.76508   9.863829 18.752655
 13.847987 19.398996 13.658897]",0.21563291549682617
155,3,0.03823529411764706,whitenoise,4,[50. 21. 78. 49.],[43.206367 16.87241  69.77142  43.639816],[ 67.84194   32.06305  107.23992   70.606415],"[-13.561796  -17.087944  -12.06571   -29.646778   -3.8170128 -12.01669
 -19.831566  -19.392355  -24.015533   -6.740925 ]","[16.901743 17.616634  6.467969  2.991356 17.720608  6.987796 16.349398
 19.333643 15.868439 11.075534]",0.20923209190368652
